Firma,Rechtsform,Sitz,Beteiligungsfuehrung,Anteil_unmittelbar,Beteiligungsart,Kategorie,Mitarbeiteranzahl,Gruendungsjahr,Hauptsitz,Budget,Website_Infobox,Wikipedia_URL
50Hertz Transmission,GmbH,Berlin,BMWE,KfW,unmittelbar,Privatrechtliche Unternehmen mit Geschäftstätigkeit,,,,,,https://de.wikipedia.org/wiki/50Hertz_Transmission
Agentur für Innovation in der Cybersicherheit (Cyberagentur),GmbH,Halle (Saale),BMI und BMVg,–,mittelbar,Privatrechtliche Unternehmen mit Geschäftstätigkeit,,,,,,https://de.wikipedia.org/wiki/Agentur_für_Innovation_in_der_Cybersicherheit
ALDB,GmbH,Berlin,BMI,BDBOS,unmittelbar,Privatrechtliche Unternehmen mit Geschäftstätigkeit,,,,,,https://de.wikipedia.org/wiki/ALDB
Airbus,SE,Leiden,BMWE,GZBV,unmittelbar,Privatrechtliche Unternehmen mit Geschäftstätigkeit,,,,,,https://de.wikipedia.org/wiki/Airbus
Autobahn GmbH des Bundes,GmbH,Berlin,BMV,–,mittelbar,Privatrechtliche Unternehmen mit Geschäftstätigkeit,,,,,,https://de.wikipedia.org/wiki/Die_Autobahn_GmbH_des_Bundes
Bayreuther Festspiele,GmbH,Bayreuth,BKM,–,mittelbar,Privatrechtliche Unternehmen mit Geschäftstätigkeit,,,,,,https://de.wikipedia.org/wiki/Bayreuther_Festspiele
Berliner Energieagentur,GmbH,Berlin,,KfW,unmittelbar,Privatrechtliche Unternehmen mit Geschäftstätigkeit,,,,,,
BGZ Gesellschaft für Zwischenlagerung,GmbH,Essen,BMUKN,–,mittelbar,Privatrechtliche Unternehmen mit Geschäftstätigkeit,,,,,,https://de.wikipedia.org/wiki/BGZ_Gesellschaft_für_Zwischenlagerung
BGE TECHNOLOGY,GmbH,Peine,BMUKN,–,mittelbar,Privatrechtliche Unternehmen mit Geschäftstätigkeit,,,,,,
Brückeninstitut DREI,AG,,,Restrukturierungsfonds für Institute (RSF),unmittelbar,Privatrechtliche Unternehmen mit Geschäftstätigkeit,,,,,,
Bundesagentur für Sprunginnovationen (SprinD),GmbH,Leipzig,BMWE und BMFTR,–,mittelbar,Privatrechtliche Unternehmen mit Geschäftstätigkeit,,,,,,https://de.wikipedia.org/wiki/Bundesagentur_für_Sprunginnovationen
Bundesdruckerei Gruppe,GmbH,Berlin,BMF,–,mittelbar,Privatrechtliche Unternehmen mit Geschäftstätigkeit,,,,,,https://de.wikipedia.org/wiki/Bundesdruckerei
Bundesgesellschaft für Endlagerung,GmbH,Peine,BMUKN,–,mittelbar,Privatrechtliche Unternehmen mit Geschäftstätigkeit,,,,,,https://de.wikipedia.org/wiki/Bundesgesellschaft_für_Endlagerung
Bundesrepublik Deutschland – Finanzagentur,GmbH,Frankfurt am Main,BMF,–,mittelbar,Privatrechtliche Unternehmen mit Geschäftstätigkeit,,,,,,https://de.wikipedia.org/wiki/Bundesrepublik_Deutschland_–_Finanzagentur_GmbH
BVVG Bodenverwertungs- und -verwaltungs,GmbH,Berlin,BMF,–,mittelbar,Privatrechtliche Unternehmen mit Geschäftstätigkeit,,,,,,https://de.wikipedia.org/wiki/BVVG_Bodenverwertungs-_und_-verwaltungs_GmbH
Bw Bekleidungsmanagement,GmbH,Köln,BMVg,–,mittelbar,Privatrechtliche Unternehmen mit Geschäftstätigkeit,,,,,,https://de.wikipedia.org/wiki/Bw_Bekleidungsmanagement
BwConsulting,GmbH,Köln,BMVg,–,mittelbar,Privatrechtliche Unternehmen mit Geschäftstätigkeit,,,,,,https://de.wikipedia.org/wiki/BwConsulting
BwFuhrparkService,GmbH,Troisdorf,BMVg,Deutsche Bahn,unmittelbar,Privatrechtliche Unternehmen mit Geschäftstätigkeit,,,,,,https://de.wikipedia.org/wiki/BwFuhrparkService
BWI,GmbH,Meckenheim,BMVg,–,mittelbar,Privatrechtliche Unternehmen mit Geschäftstätigkeit,,,,,,https://de.wikipedia.org/wiki/BWI_GmbH
CISPA – Helmholtz-Zentrum für Informationssicherheit,gGmbH,Saarbrücken,BMFTR,–,mittelbar,Privatrechtliche Unternehmen mit Geschäftstätigkeit,,,,,,https://de.wikipedia.org/wiki/CISPA_–_Helmholtz-Zentrum_für_Informationssicherheit
Commerzbank,AG,Frankfurt am Main,BMF,SoFFin,unmittelbar,Privatrechtliche Unternehmen mit Geschäftstätigkeit,39.867 (Vollzeitäquivalent),26. Februar 1870,Frankfurt am Main,,https://www.commerzbank.de/,https://de.wikipedia.org/wiki/Commerzbank
coparion,GmbH & Co. KG,Köln,BMWE,ERP-Sondervermögen,unmittelbar,Privatrechtliche Unternehmen mit Geschäftstätigkeit,,,,,,https://de.wikipedia.org/wiki/Coparion?action=edit&redlink=1
CureVac,N.V.,Tübingen,BMWE,KfW,unmittelbar,Privatrechtliche Unternehmen mit Geschäftstätigkeit,,,,,,https://de.wikipedia.org/wiki/CureVac
DBFZ Deutsches Biomasseforschungszentrum,gGmbH,Leipzig,BMLEH,–,mittelbar,Privatrechtliche Unternehmen mit Geschäftstätigkeit,,,,,,https://de.wikipedia.org/wiki/Deutsches_Biomasseforschungszentrum
DEGES Deutsche Einheit Fernstraßenplanungs- und -bau,GmbH,Berlin,BMV,–,mittelbar,Privatrechtliche Unternehmen mit Geschäftstätigkeit,,,,,,https://de.wikipedia.org/wiki/Deutsche_Einheit_Fernstraßenplanungs-_und_-bau_GmbH
DeepTech & Climate Fonds,GmbH & Co. KG,Bonn,BMWE,ERP-Sondervermögen,unmittelbar,Privatrechtliche Unternehmen mit Geschäftstätigkeit,,,,,,
Deutsche Akkreditierungsstelle (DAkkS),GmbH,Berlin,BMWE,–,mittelbar,Privatrechtliche Unternehmen mit Geschäftstätigkeit,,,,,,https://de.wikipedia.org/wiki/Deutsche_Akkreditierungsstelle
Deutsche Bahn,AG,Berlin,BMV,–,mittelbar,Privatrechtliche Unternehmen mit Geschäftstätigkeit,,,,,,https://de.wikipedia.org/wiki/Deutsche_Bahn
Deutsche Energie-Agentur (dena),GmbH,Berlin,BMWE,KfW,unmittelbar,Privatrechtliche Unternehmen mit Geschäftstätigkeit,,,,,,https://de.wikipedia.org/wiki/Deutsche_Energie-Agentur
Deutsche LNG Terminal,GmbH,Düsseldorf,BMVg,–,mittelbar,Privatrechtliche Unternehmen mit Geschäftstätigkeit,,,,,,
Deutsche Gesellschaft für Internationale Zusammenarbeit,GmbH,Bonn und Eschborn,BMZ,–,mittelbar,Privatrechtliche Unternehmen mit Geschäftstätigkeit,,,,,,https://de.wikipedia.org/wiki/Deutsche_Gesellschaft_für_Internationale_Zusammenarbeit
Deutsche Investitions- und Entwicklungsgesellschaft,GmbH,Köln,,KfW,unmittelbar,Privatrechtliche Unternehmen mit Geschäftstätigkeit,770,14. September 1962,Kämmergasse 2250676 Köln,,https://www.deginvest.de/,https://de.wikipedia.org/wiki/Deutsche_Investitions-_und_Entwicklungsgesellschaft
Deutsche Lufthansa,AG,Köln,BMWE,Wirtschaftsstabilisierungsfonds,unmittelbar,Privatrechtliche Unternehmen mit Geschäftstätigkeit,,,,,,https://de.wikipedia.org/wiki/Lufthansa
Deutsche Post,AG,Bonn,BMF,KfW,unmittelbar,Privatrechtliche Unternehmen mit Geschäftstätigkeit,,,,,,https://de.wikipedia.org/wiki/Deutsche_Post_AG
Deutsche Telekom,AG,Bonn,BMF,KfW,unmittelbar,Privatrechtliche Unternehmen mit Geschäftstätigkeit,,,,,,https://de.wikipedia.org/wiki/Deutsche_Telekom
Deutsches Evaluierungsinstitut der Entwicklungszusammenarbeit (DEval),gGmbH,Bonn,BMZ,–,mittelbar,Privatrechtliche Unternehmen mit Geschäftstätigkeit,,,,,,https://de.wikipedia.org/wiki/Deutsches_Evaluierungsinstitut_der_Entwicklungszusammenarbeit
Deutsches Zentrum für Hochschul- und Wissenschaftsforschung,GmbH,,BMFTR,,mittelbar,Privatrechtliche Unternehmen mit Geschäftstätigkeit,,,,,,https://de.wikipedia.org/wiki/Deutsches_Zentrum_für_Hochschul-_und_Wissenschaftsforschung
DigitalService GmbH des Bundes,GmbH,Berlin,BMDS,–,mittelbar,Privatrechtliche Unternehmen mit Geschäftstätigkeit,,,,,,
Deutsches Primatenzentrum,GmbH,Göttingen,BMFTR,–,mittelbar,Privatrechtliche Unternehmen mit Geschäftstätigkeit,,,,,,https://de.wikipedia.org/wiki/Deutsches_Primatenzentrum
DFS Deutsche Flugsicherung GmbH (DFS),GmbH,Langen,BMV,–,mittelbar,Privatrechtliche Unternehmen mit Geschäftstätigkeit,,,,,,https://de.wikipedia.org/wiki/DFS_Deutsche_Flugsicherung
Engagement Global,gGmbH,Bonn,BMZ,–,mittelbar,Privatrechtliche Unternehmen mit Geschäftstätigkeit,,,,,,https://de.wikipedia.org/wiki/Engagement_Global
Europäischer Investitionsfonds,,Luxemburg,,KfW,unmittelbar,Privatrechtliche Unternehmen mit Geschäftstätigkeit,,,,,,https://de.wikipedia.org/wiki/Europäischer_Investitionsfonds
EWN Entsorgungswerk für Nuklearanlagen,GmbH,Rubenow,BMF,–,mittelbar,Privatrechtliche Unternehmen mit Geschäftstätigkeit,,,,,,https://de.wikipedia.org/wiki/EWN_Entsorgungswerk_für_Nuklearanlagen
Fernleitungs-Betriebsgesellschaft,GmbH,Bonn,BMVg,–,mittelbar,Privatrechtliche Unternehmen mit Geschäftstätigkeit,,,,,,https://de.wikipedia.org/wiki/Fernleitungs-Betriebsgesellschaft
Finanzierungs- und Beratungsgesellschaft,GmbH,Berlin,,KfW,unmittelbar,Privatrechtliche Unternehmen mit Geschäftstätigkeit,,,,,,
FIZ Karlsruhe – Leibniz-Institut für Informationsinfrastruktur,GmbH,Karlsruhe,BMFTR,–,mittelbar,Privatrechtliche Unternehmen mit Geschäftstätigkeit,,,,,,https://de.wikipedia.org/wiki/FIZ_Karlsruhe_–_Leibniz-Institut_für_Informationsinfrastruktur
Flughafen Berlin Brandenburg,GmbH,Berlin,BMV,–,mittelbar,Privatrechtliche Unternehmen mit Geschäftstätigkeit,,,,,,https://de.wikipedia.org/wiki/Flughafen_Berlin_Brandenburg
Flughafen Köln/Bonn,GmbH,Köln,BMV,–,mittelbar,Privatrechtliche Unternehmen mit Geschäftstätigkeit,,,,,,https://de.wikipedia.org/wiki/Flughafen_Köln/Bonn
Flughafen München,GmbH,München-Flughafen,BMV,–,mittelbar,Privatrechtliche Unternehmen mit Geschäftstätigkeit,,,,,,https://de.wikipedia.org/wiki/Flughafen_München
Flughafenkoordination Deutschland,GmbH,Frankfurt am Main,BMV,–,mittelbar,Privatrechtliche Unternehmen mit Geschäftstätigkeit,,,,,,https://de.wikipedia.org/wiki/Flughafenkoordination_Deutschland_GmbH
FMS VV,GmbH,,,SoFFin,unmittelbar,Privatrechtliche Unternehmen mit Geschäftstätigkeit,,,,,,
Forschungszentrum Jülich,GmbH,Jülich,BMFTR,–,mittelbar,Privatrechtliche Unternehmen mit Geschäftstätigkeit,,,,,,https://de.wikipedia.org/wiki/Forschungszentrum_Jülich
Futurium,gGmbH,Berlin,BMFTR,,mittelbar,Privatrechtliche Unternehmen mit Geschäftstätigkeit,,,,,,https://de.wikipedia.org/wiki/Futurium
Gästehaus Petersberg,GmbH,Königswinter,BMF,–,mittelbar,Privatrechtliche Unternehmen mit Geschäftstätigkeit,,,,,,https://de.wikipedia.org/wiki/Gästehaus_Petersberg
German Institute of Development and Sustainability (IDOS),gGmbH,Bonn,BMZ,–,mittelbar,Privatrechtliche Unternehmen mit Geschäftstätigkeit,,,,,,https://de.wikipedia.org/wiki/German_Institute_of_Development_and_Sustainability
Germany Trade and Invest – Gesellschaft für Außenwirtschaft und Standortmarketing,GmbH,Berlin,BMWE,–,mittelbar,Privatrechtliche Unternehmen mit Geschäftstätigkeit,,,,,,https://de.wikipedia.org/wiki/Germany_Trade_and_Invest
Gesellschaft für Anlagen- und Reaktorsicherheit,gGmbH,Köln,BMUKN,–,mittelbar,Privatrechtliche Unternehmen mit Geschäftstätigkeit,,,,,,https://de.wikipedia.org/wiki/Gesellschaft_für_Anlagen-_und_Reaktorsicherheit
Gesellschaft für Telematikanwendungen der Gesundheitskarte (gematik),GmbH,Berlin,BMG,–,mittelbar,Privatrechtliche Unternehmen mit Geschäftstätigkeit,,,,,,https://de.wikipedia.org/wiki/Gematik
Gesellschaft zur Entsorgung von chemischen Kampfstoffen und Rüstungsaltlasten (GEKA),GmbH,Munster,BMVg,–,mittelbar,Privatrechtliche Unternehmen mit Geschäftstätigkeit,,,,,,https://de.wikipedia.org/wiki/GEKA
GSI Helmholtzzentrum für Schwerionenforschung,GmbH,Darmstadt,BMFTR,–,mittelbar,Privatrechtliche Unternehmen mit Geschäftstätigkeit,,,,,,https://de.wikipedia.org/wiki/GSI_Helmholtzzentrum_für_Schwerionenforschung
Helmholtz Zentrum München,GmbH,Oberschleißheim,BMFTR,–,mittelbar,Privatrechtliche Unternehmen mit Geschäftstätigkeit,,,,,,https://de.wikipedia.org/wiki/Helmholtz_Zentrum_München
Helmholtz-Zentrum Berlin für Materialien und Energie,GmbH,Berlin,BMFTR,–,mittelbar,Privatrechtliche Unternehmen mit Geschäftstätigkeit,,,,,,https://de.wikipedia.org/wiki/Helmholtz-Zentrum_Berlin_für_Materialien_und_Energie
Helmholtz-Zentrum für Infektionsforschung,GmbH,Braunschweig,BMFTR,–,mittelbar,Privatrechtliche Unternehmen mit Geschäftstätigkeit,,,,,,https://de.wikipedia.org/wiki/Helmholtz-Zentrum_für_Infektionsforschung
Helmholtz-Zentrum für Umweltforschung – UFZ,GmbH,,BMFTR,–,mittelbar,Privatrechtliche Unternehmen mit Geschäftstätigkeit,,,,,,https://de.wikipedia.org/wiki/Helmholtz-Zentrum_für_Umweltforschung_–_UFZ
Helmholtz-Zentrum Hereon,GmbH,Geesthacht,BMFTR,–,mittelbar,Privatrechtliche Unternehmen mit Geschäftstätigkeit,,,,,,https://de.wikipedia.org/wiki/Helmholtz-Zentrum_Hereon
Hensoldt,AG,Taufkirchen,BMVg,KfW,unmittelbar,Privatrechtliche Unternehmen mit Geschäftstätigkeit,,,,,,https://de.wikipedia.org/wiki/Hensoldt_(Unternehmensgruppe)
High-Tech Gründerfonds,GmbH & Co. KG,Bonn,BMWE,ERP-Sondervermögen,unmittelbar,Privatrechtliche Unternehmen mit Geschäftstätigkeit,,,,,,
High-Tech Gründerfonds II,GmbH & Co. KG,Bonn,BMWE,ERP-Sondervermögen,unmittelbar,Privatrechtliche Unternehmen mit Geschäftstätigkeit,,,,,,
High-Tech Gründerfonds III,GmbH & Co. KG,Bonn,BMWE,ERP-Sondervermögen,unmittelbar,Privatrechtliche Unternehmen mit Geschäftstätigkeit,,,,,,
High-Tech Gründerfonds IV,GmbH & Co. KG,Bonn,BMWE,ERP-Sondervermögen,unmittelbar,Privatrechtliche Unternehmen mit Geschäftstätigkeit,,,,,,
HIL Heeresinstandsetzungslogistik,GmbH,Bonn,BMVg,–,mittelbar,Privatrechtliche Unternehmen mit Geschäftstätigkeit,,,,,,https://de.wikipedia.org/wiki/Heeresinstandsetzungslogistik
Hypo Real Estate Holding,GmbH,München,,SoFFin,unmittelbar,Privatrechtliche Unternehmen mit Geschäftstätigkeit,"10 (9 Vollzeit, 1 Teilzeit)",2003,München,,https://www.hyporealestate.com,https://de.wikipedia.org/wiki/Hypo_Real_Estate
Instex,SAS,Paris,AA,–,mittelbar,Privatrechtliche Unternehmen mit Geschäftstätigkeit,,,,,,https://de.wikipedia.org/wiki/Instex
Internationale Mosel-Gesellschaft,GmbH,Trier,BMV,–,mittelbar,Privatrechtliche Unternehmen mit Geschäftstätigkeit,,,,,,https://de.wikipedia.org/wiki/Internationale_Mosel-Gesellschaft?action=edit&redlink=1
juris – Juristisches Informationssystem für die Bundesrepublik Deutschland,GmbH,Saarbrücken,BMJV,–,mittelbar,Privatrechtliche Unternehmen mit Geschäftstätigkeit,,,,,,https://de.wikipedia.org/wiki/Juris
KfW IPEX-Bank,GmbH,Frankfurt am Main,BMF,KfW,unmittelbar,Privatrechtliche Unternehmen mit Geschäftstätigkeit,901,1. Januar 2008,Palmengartenstraße 5–960325 Frankfurt am Main,,https://www.kfw-ipex-bank.de/,https://de.wikipedia.org/wiki/KfW_IPEX-Bank
Kreditanstalt für Wiederaufbau,Anstalt des öffentlichen Rechts,,,ERP-Sondervermögen,unmittelbar,Privatrechtliche Unternehmen mit Geschäftstätigkeit,8699 (Gesamtkonzern),18. November 1948,Frankfurt am Main,,https://www.kfw.de/kfw.de.html,https://de.wikipedia.org/wiki/Kreditanstalt_für_Wiederaufbau
Kulturveranstaltungen des Bundes in Berlin GmbH (KBB),GmbH,Berlin,BKM,–,mittelbar,Privatrechtliche Unternehmen mit Geschäftstätigkeit,,,,,,https://de.wikipedia.org/wiki/Kulturveranstaltungen_des_Bundes_in_Berlin_GmbH?action=edit&redlink=1
Kunst- und Ausstellungshalle der Bundesrepublik Deutschland,GmbH,Bonn,BKM,–,mittelbar,Privatrechtliche Unternehmen mit Geschäftstätigkeit,,,,,,https://de.wikipedia.org/wiki/Kunst-_und_Ausstellungshalle_der_Bundesrepublik_Deutschland
Lausitzer und Mitteldeutsche Bergbau-Verwaltungsgesellschaft,GmbH,Senftenberg,BMF,–,mittelbar,Privatrechtliche Unternehmen mit Geschäftstätigkeit,,,,,,https://de.wikipedia.org/wiki/Lausitzer_und_Mitteldeutsche_Bergbau-Verwaltungsgesellschaft
Meyer Werft,GmbH,Papenburg,BMWE,,mittelbar,Privatrechtliche Unternehmen mit Geschäftstätigkeit,,,,,,https://de.wikipedia.org/wiki/Meyer_Werft
NOW GmbH Nationale Organisation Wasserstoff- und Brennstoffzellentechnologie,GmbH,Berlin,BMV,–,mittelbar,Privatrechtliche Unternehmen mit Geschäftstätigkeit,,,,,,https://de.wikipedia.org/wiki/Nationale_Organisation_Wasserstoff-_und_Brennstoffzellentechnologie
PD – Berater der öffentlichen Hand,GmbH,Berlin,BMF,BImA,unmittelbar,Privatrechtliche Unternehmen mit Geschäftstätigkeit,,,,,,https://de.wikipedia.org/wiki/PD_–_Berater_der_öffentlichen_Hand
Rundfunk-Orchester und -Chöre,gGmbH,Berlin,BKM,–,mittelbar,Privatrechtliche Unternehmen mit Geschäftstätigkeit,,,,,,https://de.wikipedia.org/wiki/Rundfunk-Orchester_und_-Chöre_gGmbH
Sachverständigenrat für Integration und Migration (SVR),gGmbH,Berlin,BMI,–,mittelbar,Privatrechtliche Unternehmen mit Geschäftstätigkeit,,,,,,
SEFE Securing Energy for Europe (ehem. Gazprom Germania),GmbH,Berlin,BMWE,SEEHG Securing Energy for Europe Holding GmbH,unmittelbar,Privatrechtliche Unternehmen mit Geschäftstätigkeit,,,,,,https://de.wikipedia.org/wiki/Securing_Energy_for_Europe
Stiftung Juve – Jugend verbindet Deutschland mit Osteuropa und Zentralasien (ehem. Stiftung Deutsch-Russischer Jugendaustausch),gGmbH,Hamburg,BMBFSFJ,–,mittelbar,Privatrechtliche Unternehmen mit Geschäftstätigkeit,,,,,,https://de.wikipedia.org/wiki/Stiftung_Deutsch-Russischer_Jugendaustausch
Toll Collect,GmbH,Berlin,BMV,–,mittelbar,Privatrechtliche Unternehmen mit Geschäftstätigkeit,,,,,,https://de.wikipedia.org/wiki/Toll_Collect
Transit Filmgesellschaft,GmbH,München,BKM,–,mittelbar,Privatrechtliche Unternehmen mit Geschäftstätigkeit,,,,,,https://de.wikipedia.org/wiki/Transit_Film
Uniper,SE,Düsseldorf,BMWE,–,mittelbar,Privatrechtliche Unternehmen mit Geschäftstätigkeit,,,,,,https://de.wikipedia.org/wiki/Uniper
VEBEG,GmbH,Frankfurt am Main,BMF,–,mittelbar,Privatrechtliche Unternehmen mit Geschäftstätigkeit,,,,,,https://de.wikipedia.org/wiki/VEBEG
WIK Wissenschaftliches Institut für Infrastruktur und Kommunikationsdienste,GmbH,Bad Honnef,BMWE,–,mittelbar,Privatrechtliche Unternehmen mit Geschäftstätigkeit,,,,,,https://de.wikipedia.org/wiki/Wissenschaftliches_Institut_für_Infrastruktur_und_Kommunikationsdienste?action=edit&redlink=1
Wismut,GmbH,Chemnitz,BMWE,–,mittelbar,Privatrechtliche Unternehmen mit Geschäftstätigkeit,,,,,,https://de.wikipedia.org/wiki/Wismut_(Unternehmen)
Wissenschaftszentrum Berlin für Sozialforschung,gGmbH,Berlin,BMFTR,–,mittelbar,Privatrechtliche Unternehmen mit Geschäftstätigkeit,383 (2017),1969,"Berlin, Deutschland","23,3 Mio. Euro (2017)",https://www.wzb.eu/,https://de.wikipedia.org/wiki/Wissenschaftszentrum_Berlin_für_Sozialforschung
Zentrum für Digitale Souveränität der Öffentlichen Verwaltung (ZenDiS),GmbH,Bochum,BMI,,mittelbar,Privatrechtliche Unternehmen mit Geschäftstätigkeit,,,,,,https://de.wikipedia.org/wiki/Zentrum_für_Digitale_Souveränität_der_Öffentlichen_Verwaltung
Zentrale Stelle zur Abrechnung von Arzneimittelrabatten,GmbH,,BMI,–,mittelbar,Privatrechtliche Unternehmen mit Geschäftstätigkeit,,,,,,
Zentrum für Internationale Friedenseinsätze (ZIF),gGmbH,Berlin,AA,–,mittelbar,Privatrechtliche Unternehmen mit Geschäftstätigkeit,,,,,,https://de.wikipedia.org/wiki/Zentrum_für_Internationale_Friedenseinsätze
Zukunft-Umwelt-Gesellschaft,gGmbH,Bonn,BMUKN,–,mittelbar,Privatrechtliche Unternehmen mit Geschäftstätigkeit,,,,,,https://de.wikipedia.org/wiki/Zukunft-Umwelt-Gesellschaft?action=edit&redlink=1
Bau- und Siedlungsgenossenschaft Eutin,,,,,mittelbar,Genossenschaften,,,,,,https://de.wikipedia.org/wiki/Eutin
Baugenossenschaft Aschendorf-Hümmling,,,,,mittelbar,Genossenschaften,,,,,,https://de.wikipedia.org/wiki/Landkreis_Aschendorf-Hümmling
Baugenossenschaft Holstein,,,,,mittelbar,Genossenschaften,,,,,,
Baugenossenschaft Mittelholstein,,,,,mittelbar,Genossenschaften,,,,,,
Baugenossenschaft Neustadt/H.,,,,,mittelbar,Genossenschaften,,,,,,https://de.wikipedia.org/wiki/Neustadt_in_Holstein
Baugenossenschaft Rhein-Lahn,,,,,mittelbar,Genossenschaften,,,,,,
Baugenossenschaften Langen,,,,,mittelbar,Genossenschaften,,,,,,
Flensburger Arbeiter-Bauverein,,,,,mittelbar,Genossenschaften,,,,,,https://de.wikipedia.org/wiki/Flensburg
Gemeinnütziger Bauverein Wunstorf,,,,,mittelbar,Genossenschaften,,,,,,https://de.wikipedia.org/wiki/Wunstorf
Genossenschaftliches Wohnungsunternehmen Eckernförde,,,,,mittelbar,Genossenschaften,,,,,,https://de.wikipedia.org/wiki/Eckernförde
"GEWOBA Nord BG, Schleswig",,,,,mittelbar,Genossenschaften,,,,,,https://de.wikipedia.org/wiki/Schleswig
Kreisbaugenossenschaft Calw,,,,,mittelbar,Genossenschaften,,,,,,https://de.wikipedia.org/wiki/Calw
"Obersteiner Baugenossenschaft, Idar-Oberstein",,,,,mittelbar,Genossenschaften,,,,,,https://de.wikipedia.org/wiki/Idar-Oberstein
Selbsthilfe-Bauverein – SBV Flensburg,,,,,mittelbar,Genossenschaften,,,,,,
Vereinigte Wohnstätten 1889,,,,,mittelbar,Genossenschaften,,,,,,
"Wankendorfer Baugenossenschaft für Schleswig-Holstein, Itzehoe",,,,,mittelbar,Genossenschaften,,,,,,https://de.wikipedia.org/wiki/Itzehoe
