Name,Abkuerzung,Geschaeftsbereich,Sitz,Kategorie,Mitarbeiteranzahl,Gruendungsjahr,Hauptsitz,Budget,Website,Rechtsform,Wikipedia_URL
Bundespräsidialamt,BPrA,,Bonn,Oberste Bundesbehörden,ca. 240 (2024),1949,Berlin,"44,65 Mio. Euro (2021) einschließlich Bundespräsident",,,https://de.wikipedia.org/wiki/Bundespräsidialamt
Verwaltung des Deutschen Bundestages,BT,,–,Oberste Bundesbehörden,~3200,1949,Berlin,,,,https://de.wikipedia.org/wiki/Verwaltung_des_Deutschen_Bundestages
Sekretariat des Bundesrates,BR,,Bonn,Oberste Bundesbehörden,,,,,,,https://de.wikipedia.org/wiki/Bundesrat_(Deutschland)#Sekretariat
Bundesverfassungsgericht (soweit als Behörde tätig),BVerfG,,–,Oberste Bundesbehörden,"16 Richter,insg. ca. 270 Mitarbeiter",7. September 1951,Stephan Harbarth (Präsident)Ann-Katrin Kaufhold (Vizepräsidentin),"44,5 Mio. EUR (2024)",https://www.bundesverfassungsgericht.de/,,https://de.wikipedia.org/wiki/Bundesverfassungsgericht
Bundesrechnungshof,BRH,,–,Oberste Bundesbehörden,1050 (2023),1950,Bonn,"195,97 Mio. EUR (2025)",,unabhängiges Organ der Finanzkontrolle,https://de.wikipedia.org/wiki/Bundesrechnungshof
Bundeskanzleramt,BKAmt,,Bonn,Oberste Bundesbehörden,ca. 900 (Stand: April 2024),1949,Berlin,"5,0 Mrd. € (2026) einschließlich Bundeskanzler",,,https://de.wikipedia.org/wiki/Bundeskanzleramt_(Deutschland)
Beauftragter der Bundesregierung für Kultur und Medien,BKM,,Berlin,Oberste Bundesbehörden,ca. 470 (Stand: 2025),,Bonn,"2,07 Mrd. EUR(Haushaltsjahr: 2024)",,,https://de.wikipedia.org/wiki/Beauftragter_der_Bundesregierung_für_Kultur_und_Medien
Presse- und Informationsamt der Bundesregierung,BPA,,Bonn,Oberste Bundesbehörden,540 (Sept. 2023),16. September 1949,Berlin,"141,847 Mio. EUR (2024)",,,https://de.wikipedia.org/wiki/Presse-_und_Informationsamt_der_Bundesregierung
Bundesministerium der Finanzen,BMF,,Bonn,Oberste Bundesbehörden,,1880 als Reichsschatzamt,Berlin,"10,82 Mrd. Euro (2026)",,,https://de.wikipedia.org/wiki/Bundesministerium_der_Finanzen
Bundesministerium des Innern,BMI,,Bonn,Oberste Bundesbehörden,2.165 (Soll 2021),1949,Berlin,"15,76 Mrd. Euro (2026)",,,https://de.wikipedia.org/wiki/Bundesministerium_des_Innern
Auswärtiges Amt,AA,,Bonn,Oberste Bundesbehörden,ca. 13.600,1870/1951,Berlin,"6,03 Mrd. EUR (2026)",,,https://de.wikipedia.org/wiki/Auswärtiges_Amt
Bundesministerium der Verteidigung,BMVg,,Berlin,Oberste Bundesbehörden,"2.927, 1.071 Soldaten und 1.856 zivile Mitarbeiter (April 2026)",7. Juni 1955 als Bundesministerium für Verteidigung,Bonn,"82,69 Mrd. EUR (2026)",,,https://de.wikipedia.org/wiki/Bundesministerium_der_Verteidigung
Bundesministerium für Wirtschaft und Energie,BMWE,,Bonn,Oberste Bundesbehörden,2513 (Oktober 2025),23. Oktober 1917 als Reichswirtschaftsamt,Berlin,"5,90 Mrd. EUR (2026)",,,https://de.wikipedia.org/wiki/Bundesministerium_für_Wirtschaft_und_Energie
"Bundesministerium für Forschung, Technologie und Raumfahrt",BMFTR,,Berlin,Oberste Bundesbehörden,ca. 1.500 (2025),20. Oktober 1955 als Bundesministerium für Atomfragen,Bonn,"21,82 Mrd. EUR (2026)",,,"https://de.wikipedia.org/wiki/Bundesministerium_für_Forschung,_Technologie_und_Raumfahrt"
Bundesministerium der Justiz und für Verbraucherschutz,BMJV,,Bonn,Oberste Bundesbehörden,676 (2026),20. September 1949; 1. Januar 1877 als Reichsjustizamt,Berlin,"1,213 Mrd. Euro (2026)",,,https://de.wikipedia.org/wiki/Bundesministerium_der_Justiz_und_für_Verbraucherschutz
"Bundesministerium für Bildung, Familie, Senioren, Frauen und Jugend",BMBFSFJ,,Bonn,Oberste Bundesbehörden,828 (2025),1953 als Bundesministerium für Familienfragen,Berlin,"16,664 Mrd. EUR (2026)",,,"https://de.wikipedia.org/wiki/Bundesministerium_für_Bildung,_Familie,_Senioren,_Frauen_und_Jugend"
Bundesministerium für Arbeit und Soziales,BMAS,,Bonn,Oberste Bundesbehörden,1.213 (2021) bzw. rund 1.400 (2025),1949 als Bundesministerium für Arbeit,Berlin,"197,34 Mrd. EUR (2026)",,,https://de.wikipedia.org/wiki/Bundesministerium_für_Arbeit_und_Soziales
Bundesministerium für Digitales und Staatsmodernisierung,BMDS,,Bonn,Oberste Bundesbehörden,,6. Mai 2025,Berlin,"1,36 Mrd. EUR (2026)",,,https://de.wikipedia.org/wiki/Bundesministerium_für_Digitales_und_Staatsmodernisierung
Bundesministerium für Verkehr,BMV,,Bonn,Oberste Bundesbehörden,ca. 1245,20. September 1949,Berlin,"27,90 Mrd. EUR (2026)",,,https://de.wikipedia.org/wiki/Bundesministerium_für_Verkehr_(Deutschland)
"Bundesministerium für Umwelt, Klimaschutz, Naturschutz und nukleare Sicherheit",BMUKN,,Berlin,Oberste Bundesbehörden,1214,"6. Juni 1986(als Bundesministerium für Umwelt, Naturschutz und Reaktorsicherheit)",Bonn,"2,77 Mrd. EUR (2026)",,,"https://de.wikipedia.org/wiki/Bundesministerium_für_Umwelt,_Klimaschutz,_Naturschutz_und_nukleare_Sicherheit"
Bundesministerium für Gesundheit,BMG,,Berlin,Oberste Bundesbehörden,rd. 1.055 (per 30. Juni 2023: 555 Beamte und 500 Arbeitnehmer),1961,Bonn,"21,77 Mrd. EUR (2026)",,,https://de.wikipedia.org/wiki/Bundesministerium_für_Gesundheit_(Deutschland)
"Bundesministerium für Landwirtschaft, Ernährung und Heimat",BMLEH,,Berlin,Oberste Bundesbehörden,ca. 1100,13. Februar 1919 als Reichsministerium für Ernährung und Landwirtschaft,Bonn,"6,99 Mrd. EUR (2026)",,,"https://de.wikipedia.org/wiki/Bundesministerium_für_Landwirtschaft,_Ernährung_und_Heimat"
Bundesministerium für wirtschaftliche Zusammenarbeit und Entwicklung,BMZ,,Berlin,Oberste Bundesbehörden,ca. 1184,14. November 1961,Bonn,"10,06 Mrd. EUR (2026)",,,https://de.wikipedia.org/wiki/Bundesministerium_für_wirtschaftliche_Zusammenarbeit_und_Entwicklung
"Bundesministerium für Wohnen, Stadtentwicklung und Bauwesen",BMWSB,,Bonn,Oberste Bundesbehörden,493 (2025),"20. September 1949(als Bundesministerium für Wiederaufbau) 8. Dezember 2021(als Bundesministerium für Wohnen, Stadtentwicklung und Bauwesen)",Berlin,"7,75 Mrd. EUR (2026)",,,"https://de.wikipedia.org/wiki/Bundesministerium_für_Wohnen,_Stadtentwicklung_und_Bauwesen"
Zentrale der Deutschen Bundesbank (einer obersten Bundesbehörde gleichgestellt),BBk,,–,Oberste Bundesbehörden,,,,,,,https://de.wikipedia.org/wiki/Deutsche_Bundesbank
Bundesbeauftragter für den Datenschutz und die Informationsfreiheit,BfDI,,–,Oberste Bundesbehörden,369 laut Tätigkeitsbericht 2024,1. Januar 1978,Bonn,"47,8 Mio. EUR (2024)",,,https://de.wikipedia.org/wiki/Bundesbeauftragter_für_den_Datenschutz_und_die_Informationsfreiheit
Bundesgerichtshof (soweit als Behörde tätig),BGH,,Leipzig,Oberste Bundesbehörden,,,Karlsruhe,"60,1 Mio. EUR (2024)",https://www.bundesgerichtshof.de/,,https://de.wikipedia.org/wiki/Bundesgerichtshof
Bundesarbeitsgericht (soweit als Behörde tätig),BAG,,–,Oberste Bundesbehörden,,,Erfurt,"18,5 Mio. EUR (2024)",https://www.bundesarbeitsgericht.de/,,https://de.wikipedia.org/wiki/Bundesarbeitsgericht
Bundesfinanzhof (soweit als Behörde tätig),BFH,,–,Oberste Bundesbehörden,,,München,"21,7 Mio. EUR (2024)",https://www.bundesfinanzhof.de/,,https://de.wikipedia.org/wiki/Bundesfinanzhof
Bundessozialgericht (soweit als Behörde tätig),BSG,,–,Oberste Bundesbehörden,,,Kassel,"22,6 Mio. EUR (2024)",https://www.bsg.bund.de/,,https://de.wikipedia.org/wiki/Bundessozialgericht
Bundesverwaltungsgericht (soweit als Behörde tätig),BVerwG,,–,Oberste Bundesbehörden,,,Leipzig,"27,7 Mio. EUR (2024)",https://www.bverwg.de/,,https://de.wikipedia.org/wiki/Bundesverwaltungsgericht_(Deutschland)
Unabhängiger Kontrollrat,UKRat,,,Oberste Bundesbehörden,61 (Planstellen und Stellen),22. April 2021,Berlin,"7,71 Mio. EUR (2024)",,,https://de.wikipedia.org/wiki/Unabhängiger_Kontrollrat
Bundesministerium der Verteidigung,BiZBw,,Mannheim,Bundesoberbehörden,"2.927, 1.071 Soldaten und 1.856 zivile Mitarbeiter (April 2026)",7. Juni 1955 als Bundesministerium für Verteidigung,Bonn,"82,69 Mrd. EUR (2026)",,,https://de.wikipedia.org/wiki/Bundesministerium_der_Verteidigung
Bundesministerium des Innern,BAA,,Bad Homburg vor der Höhe,Bundesoberbehörden,2.165 (Soll 2021),1949,Berlin,"15,76 Mrd. Euro (2026)",,,https://de.wikipedia.org/wiki/Bundesministerium_des_Innern
Bundesministerium der Verteidigung,BAAINBw,,Koblenz,Bundesoberbehörden,"2.927, 1.071 Soldaten und 1.856 zivile Mitarbeiter (April 2026)",7. Juni 1955 als Bundesministerium für Verteidigung,Bonn,"82,69 Mrd. EUR (2026)",,,https://de.wikipedia.org/wiki/Bundesministerium_der_Verteidigung
Auswärtiges Amt,BfAA,,Brandenburg an der Havel,Bundesoberbehörden,ca. 13.600,1870/1951,Berlin,"6,03 Mrd. EUR (2026)",,,https://de.wikipedia.org/wiki/Auswärtiges_Amt
Bundesministerium für Wirtschaft und Energie,BAFA,,Eschborn,Bundesoberbehörden,2513 (Oktober 2025),23. Oktober 1917 als Reichswirtschaftsamt,Berlin,"5,90 Mrd. EUR (2026)",,,https://de.wikipedia.org/wiki/Bundesministerium_für_Wirtschaft_und_Energie
"Bundesministerium für Bildung, Familie, Senioren, Frauen und Jugend",BAFzA,,Köln,Bundesoberbehörden,828 (2025),1953 als Bundesministerium für Familienfragen,Berlin,"16,664 Mrd. EUR (2026)",,,"https://de.wikipedia.org/wiki/Bundesministerium_für_Bildung,_Familie,_Senioren,_Frauen_und_Jugend"
Bundesministerium für Verkehr,BALM,,Köln,Bundesoberbehörden,ca. 1245,20. September 1949,Berlin,"27,90 Mrd. EUR (2026)",,,https://de.wikipedia.org/wiki/Bundesministerium_für_Verkehr_(Deutschland)
Bundesministerium der Verteidigung,BAIUDBw,,Bonn,Bundesoberbehörden,"2.927, 1.071 Soldaten und 1.856 zivile Mitarbeiter (April 2026)",7. Juni 1955 als Bundesministerium für Verteidigung,Bonn,"82,69 Mrd. EUR (2026)",,,https://de.wikipedia.org/wiki/Bundesministerium_der_Verteidigung
Bundesministerium des Innern,BAMF,,Nürnberg,Bundesoberbehörden,2.165 (Soll 2021),1949,Berlin,"15,76 Mrd. Euro (2026)",,,https://de.wikipedia.org/wiki/Bundesministerium_des_Innern
Beauftragter der Bundesregierung für Kultur und Medien,BAR,,Koblenz,Bundesoberbehörden,ca. 470 (Stand: 2025),,Bonn,"2,07 Mrd. EUR(Haushaltsjahr: 2024)",,,https://de.wikipedia.org/wiki/Beauftragter_der_Bundesregierung_für_Kultur_und_Medien
Beauftragter der Bundesregierung für Kultur und Medien,BArch,,Koblenz,Bundesoberbehörden,ca. 470 (Stand: 2025),,Bonn,"2,07 Mrd. EUR(Haushaltsjahr: 2024)",,,https://de.wikipedia.org/wiki/Beauftragter_der_Bundesregierung_für_Kultur_und_Medien
Bundesministerium des Innern,BADV,,Berlin,Bundesoberbehörden,2.165 (Soll 2021),1949,Berlin,"15,76 Mrd. Euro (2026)",,,https://de.wikipedia.org/wiki/Bundesministerium_des_Innern
Bundesministerium der Verteidigung,BAPersBw,,Köln,Bundesoberbehörden,"2.927, 1.071 Soldaten und 1.856 zivile Mitarbeiter (April 2026)",7. Juni 1955 als Bundesministerium für Verteidigung,Bonn,"82,69 Mrd. EUR (2026)",,,https://de.wikipedia.org/wiki/Bundesministerium_der_Verteidigung
Bundesministerium für Verkehr,BAV,,Aurich,Bundesoberbehörden,ca. 1245,20. September 1949,Berlin,"27,90 Mrd. EUR (2026)",,,https://de.wikipedia.org/wiki/Bundesministerium_für_Verkehr_(Deutschland)
Bundesministerium des Innern,BBK,,Bonn,Bundesoberbehörden,2.165 (Soll 2021),1949,Berlin,"15,76 Mrd. Euro (2026)",,,https://de.wikipedia.org/wiki/Bundesministerium_des_Innern
"Bundesministerium für Wohnen, Stadtentwicklung und Bauwesen",BBR,,Bonn,Bundesoberbehörden,493 (2025),"20. September 1949(als Bundesministerium für Wiederaufbau) 8. Dezember 2021(als Bundesministerium für Wohnen, Stadtentwicklung und Bauwesen)",Berlin,"7,75 Mrd. EUR (2026)",,,"https://de.wikipedia.org/wiki/Bundesministerium_für_Wohnen,_Stadtentwicklung_und_Bauwesen"
Bundesministerium des Innern,BeschA,,Bonn,Bundesoberbehörden,2.165 (Soll 2021),1949,Berlin,"15,76 Mrd. Euro (2026)",,,https://de.wikipedia.org/wiki/Bundesministerium_des_Innern
Bundesministerium für Gesundheit,BfArM,,Bonn,Bundesoberbehörden,rd. 1.055 (per 30. Juni 2023: 555 Beamte und 500 Arbeitnehmer),1961,Bonn,"21,77 Mrd. EUR (2026)",,,https://de.wikipedia.org/wiki/Bundesministerium_für_Gesundheit_(Deutschland)
Bundesministerium für Verkehr,BEU,,Bonn,Bundesoberbehörden,ca. 1245,20. September 1949,Berlin,"27,90 Mrd. EUR (2026)",,,https://de.wikipedia.org/wiki/Bundesministerium_für_Verkehr_(Deutschland)
"Bundesministerium für Umwelt, Naturschutz, nukleare Sicherheit und Verbraucherschutz",BASE,,Berlin (vorläufig),Bundesoberbehörden,1214,"6. Juni 1986(als Bundesministerium für Umwelt, Naturschutz und Reaktorsicherheit)",Bonn,"2,77 Mrd. EUR (2026)",,,"https://de.wikipedia.org/wiki/Bundesministerium_für_Umwelt,_Naturschutz,_nukleare_Sicherheit_und_Verbraucherschutz"
"Bundesministerium für Umwelt, Naturschutz, nukleare Sicherheit und Verbraucherschutz",BfN,,Bonn,Bundesoberbehörden,1214,"6. Juni 1986(als Bundesministerium für Umwelt, Naturschutz und Reaktorsicherheit)",Bonn,"2,77 Mrd. EUR (2026)",,,"https://de.wikipedia.org/wiki/Bundesministerium_für_Umwelt,_Naturschutz,_nukleare_Sicherheit_und_Verbraucherschutz"
"Bundesministerium für Umwelt, Naturschutz, nukleare Sicherheit und Verbraucherschutz",BfS,,Salzgitter,Bundesoberbehörden,1214,"6. Juni 1986(als Bundesministerium für Umwelt, Naturschutz und Reaktorsicherheit)",Bonn,"2,77 Mrd. EUR (2026)",,,"https://de.wikipedia.org/wiki/Bundesministerium_für_Umwelt,_Naturschutz,_nukleare_Sicherheit_und_Verbraucherschutz"
Bundesministerium für Verkehr,BFU,,Braunschweig,Bundesoberbehörden,ca. 1245,20. September 1949,Berlin,"27,90 Mrd. EUR (2026)",,,https://de.wikipedia.org/wiki/Bundesministerium_für_Verkehr_(Deutschland)
Bundesministerium für Verkehr,BAF,,Langen,Bundesoberbehörden,ca. 1245,20. September 1949,Berlin,"27,90 Mrd. EUR (2026)",,,https://de.wikipedia.org/wiki/Bundesministerium_für_Verkehr_(Deutschland)
Bundesministerium des Innern,BfV,,Köln,Bundesoberbehörden,2.165 (Soll 2021),1949,Berlin,"15,76 Mrd. Euro (2026)",,,https://de.wikipedia.org/wiki/Bundesministerium_des_Innern
Bundesministerium der Justiz,BfJ,,Bonn,Bundesoberbehörden,676 (2026),20. September 1949; 1. Januar 1877 als Reichsjustizamt,Berlin,"1,213 Mrd. Euro (2026)",,,https://de.wikipedia.org/wiki/Bundesministerium_der_Justiz
Bundesministerium für Gesundheit,BIÖG,,Köln,Bundesoberbehörden,rd. 1.055 (per 30. Juni 2023: 555 Beamte und 500 Arbeitnehmer),1961,Bonn,"21,77 Mrd. EUR (2026)",,,https://de.wikipedia.org/wiki/Bundesministerium_für_Gesundheit_(Deutschland)
Bundesministerium des Innern,BKA,,Wiesbaden,Bundesoberbehörden,2.165 (Soll 2021),1949,Berlin,"15,76 Mrd. Euro (2026)",,,https://de.wikipedia.org/wiki/Bundesministerium_des_Innern
Bundesministerium des Innern,BKG,,Frankfurt am Main,Bundesoberbehörden,2.165 (Soll 2021),1949,Berlin,"15,76 Mrd. Euro (2026)",,,https://de.wikipedia.org/wiki/Bundesministerium_des_Innern
Bundesministerium des Innern,BKGE,,Oldenburg,Bundesoberbehörden,2.165 (Soll 2021),1949,Berlin,"15,76 Mrd. Euro (2026)",,,https://de.wikipedia.org/wiki/Bundesministerium_des_Innern
Bundeskanzleramt,BND,,Berlin,Bundesoberbehörden,ca. 900 (Stand: April 2024),1949,Berlin,"5,0 Mrd. € (2026) einschließlich Bundeskanzler",,,https://de.wikipedia.org/wiki/Bundeskanzleramt_(Deutschland)
Bundesministerium des Innern,BPOLP,,Potsdam,Bundesoberbehörden,2.165 (Soll 2021),1949,Berlin,"15,76 Mrd. Euro (2026)",,,https://de.wikipedia.org/wiki/Bundesministerium_des_Innern
Bundesministerium des Innern,BSI,,Bonn,Bundesoberbehörden,2.165 (Soll 2021),1949,Berlin,"15,76 Mrd. Euro (2026)",,,https://de.wikipedia.org/wiki/Bundesministerium_des_Innern
Bundesministerium für Verkehr,BSH,,Hamburg und Rostock,Bundesoberbehörden,ca. 1245,20. September 1949,Berlin,"27,90 Mrd. EUR (2026)",,,https://de.wikipedia.org/wiki/Bundesministerium_für_Verkehr_(Deutschland)
Bundesministerium für Verkehr,BSU,,Hamburg,Bundesoberbehörden,ca. 1245,20. September 1949,Berlin,"27,90 Mrd. EUR (2026)",,,https://de.wikipedia.org/wiki/Bundesministerium_für_Verkehr_(Deutschland)
Bundesministerium für Wirtschaft und Energie,BKartA,,Bonn,Bundesoberbehörden,2513 (Oktober 2025),23. Oktober 1917 als Reichswirtschaftsamt,Berlin,"5,90 Mrd. EUR (2026)",,,https://de.wikipedia.org/wiki/Bundesministerium_für_Wirtschaft_und_Energie
"Bundesministerium für Bildung, Familie, Senioren, Frauen und Jugend",BzKJ,,Bonn,Bundesoberbehörden,828 (2025),1953 als Bundesministerium für Familienfragen,Berlin,"16,664 Mrd. EUR (2026)",,,"https://de.wikipedia.org/wiki/Bundesministerium_für_Bildung,_Familie,_Senioren,_Frauen_und_Jugend"
"Bundesministerium für Landwirtschaft, Ernährung und Heimat",BSA,,Hannover,Bundesoberbehörden,ca. 1100,13. Februar 1919 als Reichsministerium für Ernährung und Landwirtschaft,Bonn,"6,99 Mrd. EUR (2026)",,,"https://de.wikipedia.org/wiki/Bundesministerium_für_Landwirtschaft,_Ernährung_und_Heimat"
Bundesministerium der Verteidigung,BSprA,,Hürth,Bundesoberbehörden,"2.927, 1.071 Soldaten und 1.856 zivile Mitarbeiter (April 2026)",7. Juni 1955 als Bundesministerium für Verteidigung,Bonn,"82,69 Mrd. EUR (2026)",,,https://de.wikipedia.org/wiki/Bundesministerium_der_Verteidigung
"Bundesministerium für Arbeit und Soziales, Bundesministerium für Gesundheit",BAS,,Bonn,Bundesoberbehörden,1.213 (2021) bzw. rund 1.400 (2025),1949 als Bundesministerium für Arbeit,Berlin,"197,34 Mrd. EUR (2026)",,,https://de.wikipedia.org/wiki/Bundesministerium_für_Arbeit_und_Soziales
Bundesministerium des Innern,BVA,,Köln,Bundesoberbehörden,2.165 (Soll 2021),1949,Berlin,"15,76 Mrd. Euro (2026)",,,https://de.wikipedia.org/wiki/Bundesministerium_des_Innern
"Bundesministerium für Landwirtschaft, Ernährung und Heimat",BVL,,Braunschweig,Bundesoberbehörden,ca. 1100,13. Februar 1919 als Reichsministerium für Ernährung und Landwirtschaft,Bonn,"6,99 Mrd. EUR (2026)",,,"https://de.wikipedia.org/wiki/Bundesministerium_für_Landwirtschaft,_Ernährung_und_Heimat"
Bundesministerium der Finanzen,BZSt,,Bonn,Bundesoberbehörden,,1880 als Reichsschatzamt,Berlin,"10,82 Mrd. Euro (2026)",,,https://de.wikipedia.org/wiki/Bundesministerium_der_Finanzen
Bundesministerium der Justiz,DPMA,,München,Bundesoberbehörden,676 (2026),20. September 1949; 1. Januar 1877 als Reichsjustizamt,Berlin,"1,213 Mrd. Euro (2026)",,,https://de.wikipedia.org/wiki/Bundesministerium_der_Justiz
Bundesministerium für Verkehr,EBA,,Bonn,Bundesoberbehörden,ca. 1245,20. September 1949,Berlin,"27,90 Mrd. EUR (2026)",,,https://de.wikipedia.org/wiki/Bundesministerium_für_Verkehr_(Deutschland)
Bundesministerium der Verteidigung,EKA,,Berlin,Bundesoberbehörden,"2.927, 1.071 Soldaten und 1.856 zivile Mitarbeiter (April 2026)",7. Juni 1955 als Bundesministerium für Verteidigung,Bonn,"82,69 Mrd. EUR (2026)",,,https://de.wikipedia.org/wiki/Bundesministerium_der_Verteidigung
Bundesministerium für Verkehr,FBA,,Leipzig,Bundesoberbehörden,ca. 1245,20. September 1949,Berlin,"27,90 Mrd. EUR (2026)",,,https://de.wikipedia.org/wiki/Bundesministerium_für_Verkehr_(Deutschland)
Bundesministerium der Verteidigung,MRB,,Berlin,Bundesoberbehörden,"2.927, 1.071 Soldaten und 1.856 zivile Mitarbeiter (April 2026)",7. Juni 1955 als Bundesministerium für Verteidigung,Bonn,"82,69 Mrd. EUR (2026)",,,https://de.wikipedia.org/wiki/Bundesministerium_der_Verteidigung
Bundesministerium der Finanzen,GZD,,Bonn,Bundesoberbehörden,,1880 als Reichsschatzamt,Berlin,"10,82 Mrd. Euro (2026)",,,https://de.wikipedia.org/wiki/Bundesministerium_der_Finanzen
Bundesministerium der Verteidigung,HSU/UniBw H,,Hamburg,Bundesoberbehörden,"2.927, 1.071 Soldaten und 1.856 zivile Mitarbeiter (April 2026)",7. Juni 1955 als Bundesministerium für Verteidigung,Bonn,"82,69 Mrd. EUR (2026)",,,https://de.wikipedia.org/wiki/Bundesministerium_der_Verteidigung
Bundesministerium der Finanzen,ITZBund,,Bonn,Bundesoberbehörden,,1880 als Reichsschatzamt,Berlin,"10,82 Mrd. Euro (2026)",,,https://de.wikipedia.org/wiki/Bundesministerium_der_Finanzen
Bundesministerium der Verteidigung,KMBA,,Berlin,Bundesoberbehörden,"2.927, 1.071 Soldaten und 1.856 zivile Mitarbeiter (April 2026)",7. Juni 1955 als Bundesministerium für Verteidigung,Bonn,"82,69 Mrd. EUR (2026)",,,https://de.wikipedia.org/wiki/Bundesministerium_der_Verteidigung
Bundesministerium für Verkehr,KBA,,Flensburg,Bundesoberbehörden,ca. 1245,20. September 1949,Berlin,"27,90 Mrd. EUR (2026)",,,https://de.wikipedia.org/wiki/Bundesministerium_für_Verkehr_(Deutschland)
Beauftragter der Bundesregierung für Kultur und Medien,KVdB,,Berlin,Bundesoberbehörden,ca. 470 (Stand: 2025),,Bonn,"2,07 Mrd. EUR(Haushaltsjahr: 2024)",,,https://de.wikipedia.org/wiki/Beauftragter_der_Bundesregierung_für_Kultur_und_Medien
Bundesministerium für Verkehr,LBA,,Braunschweig,Bundesoberbehörden,ca. 1245,20. September 1949,Berlin,"27,90 Mrd. EUR (2026)",,,https://de.wikipedia.org/wiki/Bundesministerium_für_Verkehr_(Deutschland)
Bundesministerium der Verteidigung,LufABw,,Köln,Bundesoberbehörden,"2.927, 1.071 Soldaten und 1.856 zivile Mitarbeiter (April 2026)",7. Juni 1955 als Bundesministerium für Verteidigung,Bonn,"82,69 Mrd. EUR (2026)",,,https://de.wikipedia.org/wiki/Bundesministerium_der_Verteidigung
Bundesministerium der Verteidigung,BAMAD,,Köln,Bundesoberbehörden,"2.927, 1.071 Soldaten und 1.856 zivile Mitarbeiter (April 2026)",7. Juni 1955 als Bundesministerium für Verteidigung,Bonn,"82,69 Mrd. EUR (2026)",,,https://de.wikipedia.org/wiki/Bundesministerium_der_Verteidigung
Bundesministerium der Verteidigung,PlgABw,,Berlin,Bundesoberbehörden,"2.927, 1.071 Soldaten und 1.856 zivile Mitarbeiter (April 2026)",7. Juni 1955 als Bundesministerium für Verteidigung,Bonn,"82,69 Mrd. EUR (2026)",,,https://de.wikipedia.org/wiki/Bundesministerium_der_Verteidigung
Bundesministerium für Wirtschaft und Energie,BNetzA,,Bonn,Bundesoberbehörden,2513 (Oktober 2025),23. Oktober 1917 als Reichswirtschaftsamt,Berlin,"5,90 Mrd. EUR (2026)",,,https://de.wikipedia.org/wiki/Bundesministerium_für_Wirtschaft_und_Energie
Bundesministerium des Innern,StBA/Destatis,,Wiesbaden,Bundesoberbehörden,2.165 (Soll 2021),1949,Berlin,"15,76 Mrd. Euro (2026)",,,https://de.wikipedia.org/wiki/Bundesministerium_des_Innern
"Bundesministerium für Umwelt, Naturschutz, nukleare Sicherheit und Verbraucherschutz",UBA,,Dessau-Roßlau,Bundesoberbehörden,1214,"6. Juni 1986(als Bundesministerium für Umwelt, Naturschutz und Reaktorsicherheit)",Bonn,"2,77 Mrd. EUR (2026)",,,"https://de.wikipedia.org/wiki/Bundesministerium_für_Umwelt,_Naturschutz,_nukleare_Sicherheit_und_Verbraucherschutz"
Bundesministerium der Verteidigung,UniBw M,,München,Bundesoberbehörden,"2.927, 1.071 Soldaten und 1.856 zivile Mitarbeiter (April 2026)",7. Juni 1955 als Bundesministerium für Verteidigung,Bonn,"82,69 Mrd. EUR (2026)",,,https://de.wikipedia.org/wiki/Bundesministerium_der_Verteidigung
Bundesministerium für Wirtschaft und Energie,BAM,,Berlin,Bundesoberbehörden,2513 (Oktober 2025),23. Oktober 1917 als Reichswirtschaftsamt,Berlin,"5,90 Mrd. EUR (2026)",,,https://de.wikipedia.org/wiki/Bundesministerium_für_Wirtschaft_und_Energie
Bundesministerium für Verkehr,BASt,,Bergisch Gladbach,Bundesoberbehörden,ca. 1245,20. September 1949,Berlin,"27,90 Mrd. EUR (2026)",,,https://de.wikipedia.org/wiki/Bundesministerium_für_Verkehr_(Deutschland)
Bundesministerium für Arbeit und Soziales,BAuA,,Dortmund,Bundesoberbehörden,1.213 (2021) bzw. rund 1.400 (2025),1949 als Bundesministerium für Arbeit,Berlin,"197,34 Mrd. EUR (2026)",,,https://de.wikipedia.org/wiki/Bundesministerium_für_Arbeit_und_Soziales
Bundesministerium für Verkehr,BAW,,Karlsruhe,Bundesoberbehörden,ca. 1245,20. September 1949,Berlin,"27,90 Mrd. EUR (2026)",,,https://de.wikipedia.org/wiki/Bundesministerium_für_Verkehr_(Deutschland)
Bundesministerium für Verkehr,BfG,,Koblenz,Bundesoberbehörden,ca. 1245,20. September 1949,Berlin,"27,90 Mrd. EUR (2026)",,,https://de.wikipedia.org/wiki/Bundesministerium_für_Verkehr_(Deutschland)
Bundesministerium für Wirtschaft und Energie,BGR,,Hannover,Bundesoberbehörden,2513 (Oktober 2025),23. Oktober 1917 als Reichswirtschaftsamt,Berlin,"5,90 Mrd. EUR (2026)",,,https://de.wikipedia.org/wiki/Bundesministerium_für_Wirtschaft_und_Energie
Bundesministerium des Innern,BiB,,Wiesbaden,Bundesoberbehörden,2.165 (Soll 2021),1949,Berlin,"15,76 Mrd. Euro (2026)",,,https://de.wikipedia.org/wiki/Bundesministerium_des_Innern
Bundesministerium des Innern,BISp,,Bonn,Bundesoberbehörden,2.165 (Soll 2021),1949,Berlin,"15,76 Mrd. Euro (2026)",,,https://de.wikipedia.org/wiki/Bundesministerium_des_Innern
Bundesministerium des Innern,bpb,,Bonn,Bundesoberbehörden,2.165 (Soll 2021),1949,Berlin,"15,76 Mrd. Euro (2026)",,,https://de.wikipedia.org/wiki/Bundesministerium_des_Innern
Bundesministerium für Wirtschaft und Energie,PTB,,Braunschweig,Bundesoberbehörden,2513 (Oktober 2025),23. Oktober 1917 als Reichswirtschaftsamt,Berlin,"5,90 Mrd. EUR (2026)",,,https://de.wikipedia.org/wiki/Bundesministerium_für_Wirtschaft_und_Energie
"Bundesministerium für Landwirtschaft, Ernährung und Heimat",FLI,,Greifswald –Insel Riems,Bundesoberbehörden,ca. 1100,13. Februar 1919 als Reichsministerium für Ernährung und Landwirtschaft,Bonn,"6,99 Mrd. EUR (2026)",,,"https://de.wikipedia.org/wiki/Bundesministerium_für_Landwirtschaft,_Ernährung_und_Heimat"
"Bundesministerium für Landwirtschaft, Ernährung und Heimat",JKI,,Quedlinburg,Bundesoberbehörden,ca. 1100,13. Februar 1919 als Reichsministerium für Ernährung und Landwirtschaft,Bonn,"6,99 Mrd. EUR (2026)",,,"https://de.wikipedia.org/wiki/Bundesministerium_für_Landwirtschaft,_Ernährung_und_Heimat"
"Bundesministerium für Landwirtschaft, Ernährung und Heimat",MRI,,Karlsruhe,Bundesoberbehörden,ca. 1100,13. Februar 1919 als Reichsministerium für Ernährung und Landwirtschaft,Bonn,"6,99 Mrd. EUR (2026)",,,"https://de.wikipedia.org/wiki/Bundesministerium_für_Landwirtschaft,_Ernährung_und_Heimat"
Bundesministerium für Gesundheit,PEI,,Langen,Bundesoberbehörden,rd. 1.055 (per 30. Juni 2023: 555 Beamte und 500 Arbeitnehmer),1961,Bonn,"21,77 Mrd. EUR (2026)",,,https://de.wikipedia.org/wiki/Bundesministerium_für_Gesundheit_(Deutschland)
Bundesministerium für Gesundheit,RKI,,Berlin,Bundesoberbehörden,rd. 1.055 (per 30. Juni 2023: 555 Beamte und 500 Arbeitnehmer),1961,Bonn,"21,77 Mrd. EUR (2026)",,,https://de.wikipedia.org/wiki/Bundesministerium_für_Gesundheit_(Deutschland)
"Bundesministerium für Landwirtschaft, Ernährung und Heimat",TI,,Braunschweig,Bundesoberbehörden,ca. 1100,13. Februar 1919 als Reichsministerium für Ernährung und Landwirtschaft,Bonn,"6,99 Mrd. EUR (2026)",,,"https://de.wikipedia.org/wiki/Bundesministerium_für_Landwirtschaft,_Ernährung_und_Heimat"
Bundesministerium des Innern,THW,,Bonn,Bundesoberbehörden,2.165 (Soll 2021),1949,Berlin,"15,76 Mrd. Euro (2026)",,,https://de.wikipedia.org/wiki/Bundesministerium_des_Innern
Bundesministerium des Innern,ZITiS,,München,Bundesoberbehörden,2.165 (Soll 2021),1949,Berlin,"15,76 Mrd. Euro (2026)",,,https://de.wikipedia.org/wiki/Bundesministerium_des_Innern
Bundespolizeidirektion Bad Bramstedt,BPOLD BBS,,,Bundesmittel- und Bundesunterbehörden,,,,,,,https://de.wikipedia.org/wiki/Bad_Bramstedt
Bundespolizeidirektion Hannover,BPOLD H,,,Bundesmittel- und Bundesunterbehörden,,,,,,,https://de.wikipedia.org/wiki/Hannover
Bundespolizeidirektion Sankt Augustin,BPOLD STA,,,Bundesmittel- und Bundesunterbehörden,,,,,,,https://de.wikipedia.org/wiki/Sankt_Augustin
Bundespolizeidirektion Koblenz,BPOLD KO,,,Bundesmittel- und Bundesunterbehörden,,,,,,,https://de.wikipedia.org/wiki/Koblenz
Bundespolizeidirektion Stuttgart,BPOLD S,,,Bundesmittel- und Bundesunterbehörden,,,,,,,https://de.wikipedia.org/wiki/Stuttgart
Bundespolizeidirektion München,BPOLD M,,,Bundesmittel- und Bundesunterbehörden,,,,,,,https://de.wikipedia.org/wiki/München
Bundespolizeidirektion Pirna,BPOLD PIR,,,Bundesmittel- und Bundesunterbehörden,,,,,,,https://de.wikipedia.org/wiki/Pirna
Bundespolizeidirektion Berlin,BPOLD B,,,Bundesmittel- und Bundesunterbehörden,,,,,,,https://de.wikipedia.org/wiki/Berlin
Bundespolizeidirektion Flughafen Frankfurt am Main,BPOLD FRA,,,Bundesmittel- und Bundesunterbehörden,,,,,,,https://de.wikipedia.org/wiki/Frankfurt_am_Main
Direktion Bundesbereitschaftspolizei (Fuldatal),BPOLD BP,,,Bundesmittel- und Bundesunterbehörden,6200,2008,Fuldatal,,,,https://de.wikipedia.org/wiki/Direktion_Bundesbereitschaftspolizei
Bundespolizeidirektion 11 (Berlin),BPOLD 11,,,Bundesmittel- und Bundesunterbehörden,,1. August 2017,Berlin,,,,https://de.wikipedia.org/wiki/Bundespolizeidirektion_11
78 Bundespolizeiinspektionen (keine eigene Behörde),BPOLI,,,Bundesmittel- und Bundesunterbehörden,,,,,,,
143 Bundespolizeireviere (keine eigene Behörde),BPOLR,,,Bundesmittel- und Bundesunterbehörden,,,,,,,
Bundeswehr-Dienstleistungszentren,BwDLZ,,,Bundesmittel- und Bundesunterbehörden,,,,,,,https://de.wikipedia.org/wiki/Bundeswehr-Dienstleistungszentrum
Bundeswehrverwaltungsstellen im Ausland,BwVSt,,,Bundesmittel- und Bundesunterbehörden,,,,,,,https://de.wikipedia.org/wiki/Bundeswehrverwaltungsstellen_im_Ausland
Evangelische Militärdekanate,EMilD,,,Bundesmittel- und Bundesunterbehörden,,,,,,,https://de.wikipedia.org/wiki/Evangelisches_Militärdekanat
Evangelische Militärpfarrämter,EMilPfA,,,Bundesmittel- und Bundesunterbehörden,,,,,,,https://de.wikipedia.org/wiki/Evangelisches_Militärpfarramt
Verpflegungsamt der Bundeswehr (Oldenburg),VpflABw,,,Bundesmittel- und Bundesunterbehörden,250,2012,"Oldenburg, Niedersachsen",,,,https://de.wikipedia.org/wiki/Verpflegungsamt_der_Bundeswehr
Brandschutzamt der Bundeswehr (Sonthofen),BrdSchABw,,,Bundesmittel- und Bundesunterbehörden,140,1. Oktober 2012,Sonthofen,,,,https://de.wikipedia.org/wiki/Brandschutzamt_der_Bundeswehr
"Wehrtechnische Dienststelle für landgebundene Fahrzeugsysteme, Pionier- und Truppentechnik (Trier)",WTD 41,,,Bundesmittel- und Bundesunterbehörden,400,1957 als Erprobungsstelle 41,Trier-Kürenz,,,,https://de.wikipedia.org/wiki/Wehrtechnische_Dienststelle_41
Wehrtechnische Dienststelle für Schutz- und Sondertechnik (Oberjettenberg),WTD 52,,,Bundesmittel- und Bundesunterbehörden,130,1957,Oberjettenberg,,,,https://de.wikipedia.org/wiki/Wehrtechnische_Dienststelle_52
Wehrtechnische Dienststelle für Luftfahrzeuge und Luftfahrtgerät der Bundeswehr (Manching),WTD 61,,,Bundesmittel- und Bundesunterbehörden,600 + 104 Auszubildende,1. Oktober 1957,Flugplatz Manching,,,,https://de.wikipedia.org/wiki/Wehrtechnische_Dienststelle_61
"Wehrtechnische Dienststelle für Schiffe und Marinewaffen, Maritime Technologie und Forschung (Eckernförde)",WTD 71,,,Bundesmittel- und Bundesunterbehörden,830,1912 als Torpedoversuchsanstalt,Eckernförde,,,,https://de.wikipedia.org/wiki/Wehrtechnische_Dienststelle_71
Wehrtechnische Dienststelle für Informationstechnologie und Elektronik (Greding),WTD 81,,,Bundesmittel- und Bundesunterbehörden,ca. 260,1960,Greding,,,,https://de.wikipedia.org/wiki/Wehrtechnische_Dienststelle_81
Wehrtechnische Dienststelle für Waffen und Munition (Meppen),WTD 91,,,Bundesmittel- und Bundesunterbehörden,ca. 1000,1877 als Schießplatz Meppen,Meppen,,,,https://de.wikipedia.org/wiki/Wehrtechnische_Dienststelle_91
Wehrwissenschaftliches Institut für Schutztechnologien – ABC-Schutz (Munster),WIS,,,Bundesmittel- und Bundesunterbehörden,,,,,,,https://de.wikipedia.org/wiki/Wehrwissenschaftliches_Institut_für_Schutztechnologien_–_ABC-Schutz
Wehrwissenschaftliches Institut für Werk- und Betriebsstoffe (Erding),WIWeB,,,Bundesmittel- und Bundesunterbehörden,etwa 250,,"Erding, Bayern",,,,https://de.wikipedia.org/wiki/Wehrwissenschaftliches_Institut_für_Werk-_und_Betriebsstoffe
Marinearsenal (Wilhelmshaven),MArs,,,Bundesmittel- und Bundesunterbehörden,rd. 1750,1957,Wilhelmshaven,,,,https://de.wikipedia.org/wiki/Marinearsenal_(Deutschland)
Deutsche Verbindungsstelle des Rüstungsbereiches USA/Kanada (Reston),DtVStRü USA/CAN,,,Bundesmittel- und Bundesunterbehörden,,,,,,,https://de.wikipedia.org/wiki/Reston_(Virginia)
Auslandsschulen der Bundeswehr,ASBw,,,Bundesmittel- und Bundesunterbehörden,,,,,,,https://de.wikipedia.org/wiki/Auslandsschule_der_Bundeswehr
Bundeswehrfachschulen,BwFachS,,,Bundesmittel- und Bundesunterbehörden,,,,,,,https://de.wikipedia.org/wiki/Bundeswehrfachschule
Karrierecentren der Bundeswehr,KarrCBw,,,Bundesmittel- und Bundesunterbehörden,,,,,,,https://de.wikipedia.org/wiki/Karrierecenter_der_Bundeswehr
41 Hauptzollämter,HZA,,,Bundesmittel- und Bundesunterbehörden,,,,,,,https://de.wikipedia.org/wiki/Hauptzollamt
Generaldirektion Wasserstraßen und Schifffahrt,GDWS,,,Bundesmittel- und Bundesunterbehörden,ca. 1.000,1. Mai 2013,"1. Dienstsitz: Am Propsthof 51, 53121 Bonn","2,003.199 Mrd. Euro",,,https://de.wikipedia.org/wiki/GDWS
8 Wasserstraßen-Neubauämter,WNA,,,Bundesmittel- und Bundesunterbehörden,,,,,,,https://de.wikipedia.org/wiki/Wasserstraßen-_und_Schifffahrtsamt
17 Wasserstraßen- und Schifffahrtsämter,WSA,,,Bundesmittel- und Bundesunterbehörden,,,,,,,https://de.wikipedia.org/wiki/Wasserstraßen-_und_Schifffahrtsamt
Reedereizentrum der Wasserstraßen- und Schifffahrtsverwaltung,ReeZ WSV,,,Bundesmittel- und Bundesunterbehörden,,31. Mai 2021,Cuxhaven,,,,https://de.wikipedia.org/wiki/Reedereizentrum_der_Wasserstraßen-_und_Schifffahrtsverwaltung
247 Zollämter (keine eigene Behörde),ZA,,,Bundesmittel- und Bundesunterbehörden,,,,,,,https://de.wikipedia.org/wiki/Zollamt
8 Zollfahndungsämter (mit 30 Außenstellen),ZFA,,,Bundesmittel- und Bundesunterbehörden,,,,,,,https://de.wikipedia.org/wiki/Zollfahndungsamt
Bundesministerium der Finanzen,BaFin,,"Bonn,Frankfurt am Main",Bundesanstalten,,1880 als Reichsschatzamt,Berlin,"10,82 Mrd. Euro (2026)",,,https://de.wikipedia.org/wiki/Bundesministerium_der_Finanzen
Bundesministerium der Finanzen,BAnstPT,,Bonn,Bundesanstalten,,1880 als Reichsschatzamt,Berlin,"10,82 Mrd. Euro (2026)",,,https://de.wikipedia.org/wiki/Bundesministerium_der_Finanzen
Bundesministerium des Innern,BDBOS,,Berlin,Bundesanstalten,2.165 (Soll 2021),1949,Berlin,"15,76 Mrd. Euro (2026)",,,https://de.wikipedia.org/wiki/Bundesministerium_des_Innern
"Bundesministerium für Landwirtschaft, Ernährung und Heimat",BfR,,Berlin,Bundesanstalten,ca. 1100,13. Februar 1919 als Reichsministerium für Ernährung und Landwirtschaft,Bonn,"6,99 Mrd. EUR (2026)",,,"https://de.wikipedia.org/wiki/Bundesministerium_für_Landwirtschaft,_Ernährung_und_Heimat"
"Bundesministerium für Bildung, Familie, Senioren, Frauen und Jugend",BIBB,,Bonn,Bundesanstalten,828 (2025),1953 als Bundesministerium für Familienfragen,Berlin,"16,664 Mrd. EUR (2026)",,,"https://de.wikipedia.org/wiki/Bundesministerium_für_Bildung,_Familie,_Senioren,_Frauen_und_Jugend"
Bundesministerium der Finanzen,BImA,,Bonn,Bundesanstalten,,1880 als Reichsschatzamt,Berlin,"10,82 Mrd. Euro (2026)",,,https://de.wikipedia.org/wiki/Bundesministerium_der_Finanzen
"Bundesministerium für Landwirtschaft, Ernährung und Heimat",BLE,,Bonn,Bundesanstalten,ca. 1100,13. Februar 1919 als Reichsministerium für Ernährung und Landwirtschaft,Bonn,"6,99 Mrd. EUR (2026)",,,"https://de.wikipedia.org/wiki/Bundesministerium_für_Landwirtschaft,_Ernährung_und_Heimat"
Beauftragter der Bundesregierung für Kultur und Medien,DNB,,"Leipzig,Frankfurt am Main",Bundesanstalten,ca. 470 (Stand: 2025),,Bonn,"2,07 Mrd. EUR(Haushaltsjahr: 2024)",,,https://de.wikipedia.org/wiki/Beauftragter_der_Bundesregierung_für_Kultur_und_Medien
Bundesministerium für Verkehr,DWD,,Offenbach am Main,Bundesanstalten,ca. 1245,20. September 1949,Berlin,"27,90 Mrd. EUR (2026)",,,https://de.wikipedia.org/wiki/Bundesministerium_für_Verkehr_(Deutschland)
Auswärtiges Amt,DAI,,Berlin,Bundesanstalten,ca. 13.600,1870/1951,Berlin,"6,03 Mrd. EUR (2026)",,,https://de.wikipedia.org/wiki/Auswärtiges_Amt
Bundesministerium der Finanzen und Bundesanstalt für Finanzdienstleistungsaufsicht,VBL,,Karlsruhe,Bundesanstalten,,1880 als Reichsschatzamt,Berlin,"10,82 Mrd. Euro (2026)",,,https://de.wikipedia.org/wiki/Bundesministerium_der_Finanzen
Bundesministerium für Arbeit und Soziales,BA,,Nürnberg,Rechtsfähige Körperschaften des öffentlichen Rechts,1.213 (2021) bzw. rund 1.400 (2025),1949 als Bundesministerium für Arbeit,Berlin,"197,34 Mrd. EUR (2026)",,,https://de.wikipedia.org/wiki/Bundesministerium_für_Arbeit_und_Soziales
Bundesamt für Soziale Sicherung,DRV-Bund,,Berlin,Rechtsfähige Körperschaften des öffentlichen Rechts,etwa 750,9. Mai 1956,"Bonn,Nordrhein-Westfalen Nordrhein-Westfalen",69 Mio. EUR (2024),,Bundesoberbehörde,https://de.wikipedia.org/wiki/Bundesamt_für_Soziale_Sicherung
Bundesamt für Soziale Sicherung,DRV-KBS,,Bochum,Rechtsfähige Körperschaften des öffentlichen Rechts,etwa 750,9. Mai 1956,"Bonn,Nordrhein-Westfalen Nordrhein-Westfalen",69 Mio. EUR (2024),,Bundesoberbehörde,https://de.wikipedia.org/wiki/Bundesamt_für_Soziale_Sicherung
Bundesamt für Soziale Sicherung,UVB,,Frankfurt am Main,Rechtsfähige Körperschaften des öffentlichen Rechts,etwa 750,9. Mai 1956,"Bonn,Nordrhein-Westfalen Nordrhein-Westfalen",69 Mio. EUR (2024),,Bundesoberbehörde,https://de.wikipedia.org/wiki/Bundesamt_für_Soziale_Sicherung
Bundesministerium für Verkehr und digitale Infrastruktur,KVB,,Frankfurt am Main,Rechtsfähige Körperschaften des öffentlichen Rechts,ca. 1245,20. September 1949,Berlin,"27,90 Mrd. EUR (2026)",,,https://de.wikipedia.org/wiki/Bundesministerium_für_Verkehr_und_digitale_Infrastruktur
