von;zu;typ;richtung;seit;quelle
absdeuforholhol_2;bmelh;UNTERSTELLT;eingehend;;
absdeulanernabs_3;bmelh;UNTERSTELLT;eingehend;;
ahk_49141;bmwi;UNTERSTELLT;eingehend;;
ahkrus_49296;bmwi;UNTERSTELLT;eingehend;;
akafürraulan_8;bmbfsj;UNTERSTELLT;eingehend;;
akakün_7;bkamt;UNTERSTELLT;eingehend;;
amtfürhee_580;bmvg;UNTERSTELLT;eingehend;;
amtfürmilabs_12;bmvg;UNTERSTELLT;eingehend;;
amtfürnechei_15;bmv;UNTERSTELLT;eingehend;;
antbun_16;bmbfsj;UNTERSTELLT;eingehend;;
aokbunegb_52177;bmg;UNTERSTELLT;eingehend;;
arbfürstäbauwoh_16833;bmas;UNTERSTELLT;eingehend;;
arblandie_14157;bmas;UNTERSTELLT;eingehend;;
arthee_36;bmvg;UNTERSTELLT;eingehend;;
astins_37;bmbfsj;UNTERSTELLT;eingehend;;
audbkk_6574;bmas;UNTERSTELLT;eingehend;;
ausamt_43;aa;UNTERSTELLT;eingehend;;
ausfürdigsta_52044;bt;UNTERSTELLT;eingehend;;
ausmun_41;bmvg;UNTERSTELLT;eingehend;;
ausspeope_42;bmvg;UNTERSTELLT;eingehend;;
autnor_11168;bmv;UNTERSTELLT;eingehend;;
ba;bmas;RECHTSAUFSICHT;eingehend;1952;
baaInBw;bmvg;UNTERSTELLT;eingehend;2012;
bafin;bmf;RECHTSAUFSICHT;eingehend;2002;
bafin;dbb;KOORDINIERT_MIT;ausgehend;2002;
bahbkk_6575;bmas;UNTERSTELLT;eingehend;;
bamf;bmi;UNTERSTELLT;eingehend;1953;
bargek_44;bmas;UNTERSTELLT;eingehend;;
base;bmuv;UNTERSTELLT;eingehend;2014;
bast;bmv;UNTERSTELLT;eingehend;1951;
baua;bmas;UNTERSTELLT;eingehend;1996;
bbk;bmi;UNTERSTELLT;eingehend;2004;
bbk;thw;KOORDINIERT_MIT;ausgehend;2004;
beaaufsexkin_159;bmas;UNTERSTELLT;eingehend;;
beabunfürakzsex_49839;bmbfsj;UNTERSTELLT;eingehend;;
beabunfüranlbet_48946;bmi;UNTERSTELLT;eingehend;;
beabunfürausnat_48;bmi;UNTERSTELLT;eingehend;;
beabunfürbelmen_50;bmas;UNTERSTELLT;eingehend;;
beabunfürbelpat_51;bmg;UNTERSTELLT;eingehend;;
beabunfürberumz_49;bmv;UNTERSTELLT;eingehend;;
beabunfürdeueis_50153;bmv;UNTERSTELLT;eingehend;;
beabunfürfraabr_154;aa;UNTERSTELLT;eingehend;;
beabunfürinf_45;bmi;UNTERSTELLT;eingehend;;
beabunfürjüdleb_48939;bmi;UNTERSTELLT;eingehend;;
beabunfürkulmed_155;bkamt;UNTERSTELLT;eingehend;;
beabunfürmen_46;bmjv;UNTERSTELLT;eingehend;;
beabunfürmenhum_156;aa;UNTERSTELLT;eingehend;;
beabunfürmenjus_48945;bmjv;UNTERSTELLT;eingehend;;
beabunfürmigflü_47;bkamt;UNTERSTELLT;eingehend;;
beabunfürmit_157;bmwi;UNTERSTELLT;eingehend;;
beabunfürnac_52;bkamt;UNTERSTELLT;eingehend;;
beabunfürost_53;bmwi;UNTERSTELLT;eingehend;;
beabunfürrelwel_48950;bmi;UNTERSTELLT;eingehend;;
beabunfürsch_48948;bmv;UNTERSTELLT;eingehend;;
beabunfürspoehr_51929;bmi;UNTERSTELLT;eingehend;;
beabunfürsucdro_326;bmg;UNTERSTELLT;eingehend;;
beafürdeufrazus_158;aa;UNTERSTELLT;eingehend;;
beafürnacbun_48938;bkamt;UNTERSTELLT;eingehend;;
beiardzdfdeu_50242;bkamt;UNTERSTELLT;eingehend;;
berbau_237;bmas;UNTERSTELLT;eingehend;;
berbkk_6576;bmas;UNTERSTELLT;eingehend;;
berenetexelemed_240;bmas;UNTERSTELLT;eingehend;;
berfürgeswoh_241;bmas;UNTERSTELLT;eingehend;;
berhanwar_243;bmas;UNTERSTELLT;eingehend;;
berholmet_244;bmas;UNTERSTELLT;eingehend;;
berkle_162;bmv;UNTERSTELLT;eingehend;;
berkob_163;bmv;UNTERSTELLT;eingehend;;
bernahgas_245;bmas;UNTERSTELLT;eingehend;;
berrohcheind_4048;bmas;UNTERSTELLT;eingehend;;
berverposlogtel_242;bmas;UNTERSTELLT;eingehend;;
berverposlogtel_33201;bmas;UNTERSTELLT;eingehend;;
besbuninn_246;bmi;UNTERSTELLT;eingehend;;
besforgbr_51656;bmbfsj;UNTERSTELLT;eingehend;;
bet_52010;bmg;UNTERSTELLT;eingehend;;
bet_7774;bmg;UNTERSTELLT;eingehend;;
betmob_6587;bmas;UNTERSTELLT;eingehend;;
bettec_51991;bmg;UNTERSTELLT;eingehend;;
bevbunfürpfl_48947;bmg;UNTERSTELLT;eingehend;;
bewärz_52199;bt;UNTERSTELLT;eingehend;;
bfarm;bmg;UNTERSTELLT;eingehend;1994;
bfn;bmuv;UNTERSTELLT;eingehend;1993;
bfv;bmi;UNTERSTELLT;eingehend;1950;
bibb;bmbfsj;UNTERSTELLT;eingehend;2025;
bilbun_15651;bmvg;UNTERSTELLT;eingehend;;
bima;bmf;RECHTSAUFSICHT;eingehend;2005;
bka;bmi;UNTERSTELLT;eingehend;1951;
bkamt;bnd;FACHAUFSICHT;ausgehend;1949;
bkamt;bpa;FACHAUFSICHT;ausgehend;1949;
bkarta;bmwi;UNTERSTELLT;eingehend;1958;
bkk_6578;bmas;UNTERSTELLT;eingehend;;
bkkexk_51992;bmg;UNTERSTELLT;eingehend;;
bkkfir_6583;bmas;UNTERSTELLT;eingehend;;
bkkfre_51989;bmg;UNTERSTELLT;eingehend;;
bkkgilsei_6584;bmas;UNTERSTELLT;eingehend;;
bkklin_6586;bmas;UNTERSTELLT;eingehend;;
bkkmelplu_15899;bmg;UNTERSTELLT;eingehend;;
bkkmkk_51995;bmg;UNTERSTELLT;eingehend;;
bkkpar_52001;bmg;UNTERSTELLT;eingehend;;
bkkpfa_6588;bmas;UNTERSTELLT;eingehend;;
bkkpro_6579;bmas;UNTERSTELLT;eingehend;;
bkkpwc_18260;bmg;UNTERSTELLT;eingehend;;
bkksal_52013;bmg;UNTERSTELLT;eingehend;;
bkkver_6585;bmas;UNTERSTELLT;eingehend;;
bkkveruni_6589;bmas;UNTERSTELLT;eingehend;;
bkkwirfin_52000;bmf;UNTERSTELLT;eingehend;;
bkkwür_52011;bmg;UNTERSTELLT;eingehend;;
ble;bmelh;UNTERSTELLT;eingehend;1995;
blk_51209;bmjv;UNTERSTELLT;eingehend;;
bmas;ba;RECHTSAUFSICHT;ausgehend;1952;
bmas;baua;FACHAUFSICHT;ausgehend;1996;
bmbfsj;bibb;FACHAUFSICHT;ausgehend;1970;
bmelh;ble;FACHAUFSICHT;ausgehend;1995;
bmelh;bvl;FACHAUFSICHT;ausgehend;2002;
bmf;gzd;FACHAUFSICHT;ausgehend;2016;
bmf;bzst;FACHAUFSICHT;ausgehend;2006;
bmf;bafin;RECHTSAUFSICHT;ausgehend;2002;
bmf;bima;RECHTSAUFSICHT;ausgehend;2005;
bmg;rki;FACHAUFSICHT;ausgehend;1994;
bmg;pei;FACHAUFSICHT;ausgehend;1972;
bmg;bzga;FACHAUFSICHT;ausgehend;1967;
bmg;bfarm;FACHAUFSICHT;ausgehend;1994;
bmi;bpol;FACHAUFSICHT;ausgehend;1949;
bmi;bka;FACHAUFSICHT;ausgehend;1951;
bmi;bfv;FACHAUFSICHT;ausgehend;1950;
bmi;bamf;FACHAUFSICHT;ausgehend;1953;
bmi;bsi;FACHAUFSICHT;ausgehend;1991;
bmi;bbk;FACHAUFSICHT;ausgehend;2004;
bmi;bva;FACHAUFSICHT;ausgehend;1960;
bmi;destatis;FACHAUFSICHT;ausgehend;1953;
bmi;thw;FACHAUFSICHT;ausgehend;1950;
bmi;bpb;FACHAUFSICHT;ausgehend;1952;
bmjv;gba;FACHAUFSICHT;ausgehend;1950;
bmuv;uba;FACHAUFSICHT;ausgehend;1986;
bmuv;bfn;FACHAUFSICHT;ausgehend;1993;
bmuv;base;FACHAUFSICHT;ausgehend;2014;
bmv;kba;FACHAUFSICHT;ausgehend;1951;
bmv;eba;FACHAUFSICHT;ausgehend;1994;
bmv;bast;FACHAUFSICHT;ausgehend;1951;
bmvg;mad;FACHAUFSICHT;ausgehend;1956;
bmvg;baaInBw;FACHAUFSICHT;ausgehend;2012;
bmwi;bnetza;FACHAUFSICHT;ausgehend;2005;
bmwi;bkarta;FACHAUFSICHT;ausgehend;1958;
bmwi;ptb;FACHAUFSICHT;ausgehend;1887;
bnd;bkamt;UNTERSTELLT;eingehend;1949;
bnetza;bmwi;UNTERSTELLT;eingehend;2005;
bosbkk_52002;bmg;UNTERSTELLT;eingehend;;
botbundeuank_51806;aa;UNTERSTELLT;eingehend;;
botbundeuhar_51685;aa;UNTERSTELLT;eingehend;;
bpa;bkamt;UNTERSTELLT;eingehend;1949;
bpb;bmi;UNTERSTELLT;eingehend;1952;
bpol;bmi;UNTERSTELLT;eingehend;1949;
bpol;bka;KOORDINIERT_MIT;ausgehend;1951;
br;bt;KOORDINIERT_MIT;ausgehend;1949;
brh;bt;KOORDINIERT_MIT;ausgehend;1950;
bsi;bmi;UNTERSTELLT;eingehend;1991;
bt;br;KOORDINIERT_MIT;ausgehend;1949;
bt;bpra;KOORDINIERT_MIT;ausgehend;1949;
bt;bverfg;KOORDINIERT_MIT;ausgehend;1951;
bun_100;bmjv;UNTERSTELLT;eingehend;;
bun_101;bmjv;UNTERSTELLT;eingehend;;
bun_103;bmi;UNTERSTELLT;eingehend;;
bun_114;bmi;UNTERSTELLT;eingehend;;
bun_116;bkamt;UNTERSTELLT;eingehend;;
bun_118;bt;UNTERSTELLT;eingehend;;
bun_119;bmf;UNTERSTELLT;eingehend;;
bun_120;bmjv;UNTERSTELLT;eingehend;;
bun_124;bmelh;UNTERSTELLT;eingehend;;
bun_125;bmas;UNTERSTELLT;eingehend;;
bun_126;bmvg;UNTERSTELLT;eingehend;;
bun_129;bmf;UNTERSTELLT;eingehend;;
bun_134;bmjv;UNTERSTELLT;eingehend;;
bun_136;bmi;UNTERSTELLT;eingehend;;
bun_137;bmjv;UNTERSTELLT;eingehend;;
bun_17020;bmg;UNTERSTELLT;eingehend;;
bun_220;bmvg;UNTERSTELLT;eingehend;;
bun_222;bmvg;UNTERSTELLT;eingehend;;
bun_299;bmas;UNTERSTELLT;eingehend;;
bun_300;bkamt;UNTERSTELLT;eingehend;;
bun_302;bmf;UNTERSTELLT;eingehend;;
bun_4052;bmi;UNTERSTELLT;eingehend;;
bun_4335;bmi;UNTERSTELLT;eingehend;;
bun_50166;bmi;UNTERSTELLT;eingehend;;
bun_57;bmv;UNTERSTELLT;eingehend;;
bun_63;bmvg;UNTERSTELLT;eingehend;;
bun_64;bmjv;UNTERSTELLT;eingehend;;
bun_72;bkamt;UNTERSTELLT;eingehend;;
bun_75;bmwi;UNTERSTELLT;eingehend;;
bun_82;bmi;UNTERSTELLT;eingehend;;
bun_83;bmv;UNTERSTELLT;eingehend;;
bun_98;bkamt;UNTERSTELLT;eingehend;;
bun_99;bmwi;UNTERSTELLT;eingehend;;
bunaac_51939;bmi;UNTERSTELLT;eingehend;;
bunawo_71;bmbfsj;UNTERSTELLT;eingehend;;
bunbadbra_104;bmi;UNTERSTELLT;eingehend;;
bunbeideubaugru_80;bmf;UNTERSTELLT;eingehend;;
bunbel_229;bmvg;UNTERSTELLT;eingehend;;
bunber_105;bmi;UNTERSTELLT;eingehend;;
bunber_206;bmvg;UNTERSTELLT;eingehend;;
bunber_216;bmvg;UNTERSTELLT;eingehend;;
bunbon_48832;bmi;UNTERSTELLT;eingehend;;
bunbun_106;bmi;UNTERSTELLT;eingehend;;
bundeunor_249;bmi;UNTERSTELLT;eingehend;;
bunene_48940;bmwi;UNTERSTELLT;eingehend;;
bunfli_18153;bmi;UNTERSTELLT;eingehend;;
bunfluframai_107;bmi;UNTERSTELLT;eingehend;;
bunfra_223;bmvg;UNTERSTELLT;eingehend;;
bunfraglehocges_81;bmbfsj;UNTERSTELLT;eingehend;;
bunfrepfikdö_52154;bmi;UNTERSTELLT;eingehend;;
bunfürarb_250;bmas;UNTERSTELLT;eingehend;;
bunfürarbregbad_251;bmas;UNTERSTELLT;eingehend;;
bunfürarbregbay_252;bmas;UNTERSTELLT;eingehend;;
bunfürarbregber_253;bmas;UNTERSTELLT;eingehend;;
bunfürarbreghes_254;bmas;UNTERSTELLT;eingehend;;
bunfürarbregnie_255;bmas;UNTERSTELLT;eingehend;;
bunfürarbregnor_256;bmas;UNTERSTELLT;eingehend;;
bunfürarbregnor_257;bmas;UNTERSTELLT;eingehend;;
bunfürarbregrhe_258;bmas;UNTERSTELLT;eingehend;;
bunfürarbregsac_259;bmas;UNTERSTELLT;eingehend;;
bunfürarbregsac_260;bmas;UNTERSTELLT;eingehend;;
bunfürbehzahkon_54;bmf;UNTERSTELLT;eingehend;;
bunfürberbeitre_304;bmv;UNTERSTELLT;eingehend;;
bunfürdatinf_305;bmjv;UNTERSTELLT;eingehend;;
bunfürflu_127;bmv;UNTERSTELLT;eingehend;;
bunfürflu_301;bmv;UNTERSTELLT;eingehend;;
bunfürkinjug_117;bmbfsj;UNTERSTELLT;eingehend;;
bunfüropfseddik_49260;bkamt;UNTERSTELLT;eingehend;;
bunfürpolbil_233;bmi;UNTERSTELLT;eingehend;;
bunfürreh_51831;bmas;UNTERSTELLT;eingehend;;
bunfürsee_128;bmv;UNTERSTELLT;eingehend;;
bunfürsic_262;bmvg;UNTERSTELLT;eingehend;;
bunfürsoz_138;bmas;UNTERSTELLT;eingehend;;
bunfürspr_20194;bmas;UNTERSTELLT;eingehend;;
bunfürste_231;bmf;UNTERSTELLT;eingehend;;
bunfüruntstaehe_303;bkamt;UNTERSTELLT;eingehend;;
bunfürververnac_50032;bmas;UNTERSTELLT;eingehend;;
bunfürververnac_50033;bmas;UNTERSTELLT;eingehend;;
bunfürverzahlei_50034;bmas;UNTERSTELLT;eingehend;;
bunfürwehweh_263;bmvg;UNTERSTELLT;eingehend;;
bunfürwirver_55;bmf;UNTERSTELLT;eingehend;;
bunfürziv_306;bmbfsj;UNTERSTELLT;eingehend;;
bunfüröffver_261;bmi;UNTERSTELLT;eingehend;;
bunges_6577;bmas;UNTERSTELLT;eingehend;;
bungro_224;bmvg;UNTERSTELLT;eingehend;;
bunhalsaa_76;bmg;UNTERSTELLT;eingehend;;
bunham_207;bmvg;UNTERSTELLT;eingehend;;
bunham_217;bmvg;UNTERSTELLT;eingehend;;
bunhamhau_16284;bmv;UNTERSTELLT;eingehend;;
bunhan_108;bmi;UNTERSTELLT;eingehend;;
bunhan_208;bmvg;UNTERSTELLT;eingehend;;
bunita_225;bmvg;UNTERSTELLT;eingehend;;
bunkar_209;bmvg;UNTERSTELLT;eingehend;;
bunkas_210;bmvg;UNTERSTELLT;eingehend;;
bunkatjug_298;bmas;UNTERSTELLT;eingehend;;
bunkie_77;bmg;UNTERSTELLT;eingehend;;
bunkob_109;bmi;UNTERSTELLT;eingehend;;
bunkob_211;bmvg;UNTERSTELLT;eingehend;;
bunkob_230;bmvg;UNTERSTELLT;eingehend;;
bunköl_212;bmvg;UNTERSTELLT;eingehend;;
bunmün_110;bmi;UNTERSTELLT;eingehend;;
bunmün_16321;bmi;UNTERSTELLT;eingehend;;
bunmün_213;bmvg;UNTERSTELLT;eingehend;;
bunnau_214;bmvg;UNTERSTELLT;eingehend;;
bunnie_226;bmvg;UNTERSTELLT;eingehend;;
bunpir_111;bmi;UNTERSTELLT;eingehend;;
bunpol_227;bmvg;UNTERSTELLT;eingehend;;
bunprü_52102;bmi;UNTERSTELLT;eingehend;;
bunsanaug_112;bmi;UNTERSTELLT;eingehend;;
bunstu_113;bmi;UNTERSTELLT;eingehend;;
buntec_221;bmvg;UNTERSTELLT;eingehend;;
buntel_123;bmi;UNTERSTELLT;eingehend;;
buntri_78;bmg;UNTERSTELLT;eingehend;;
bunulm_218;bmvg;UNTERSTELLT;eingehend;;
bunusakan_228;bmvg;UNTERSTELLT;eingehend;;
bunvermbh_297;bmjv;UNTERSTELLT;eingehend;;
bunvilhambon_48932;bmi;UNTERSTELLT;eingehend;;
bunwes_219;bmvg;UNTERSTELLT;eingehend;;
bunwür_215;bmvg;UNTERSTELLT;eingehend;;
bva;bmi;UNTERSTELLT;eingehend;1960;
bvl;bmelh;UNTERSTELLT;eingehend;2002;
bzfe_49805;bmi;UNTERSTELLT;eingehend;;
bzga;bmg;UNTERSTELLT;eingehend;1967;
bzst;bmf;UNTERSTELLT;eingehend;2006;
bünfürdemtol_234;bmi;UNTERSTELLT;eingehend;;
bürbunangmer_50164;bkamt;UNTERSTELLT;eingehend;;
bürbungersch_49800;bkamt;UNTERSTELLT;eingehend;;
bürfürtecbeideu_235;bkamt;UNTERSTELLT;eingehend;;
can_14729;bmi;UNTERSTELLT;eingehend;;
cenfürintmigent_307;bmas;UNTERSTELLT;eingehend;;
conbet_6592;bmas;UNTERSTELLT;eingehend;;
conkoodeuisrjug_308;bmbfsj;UNTERSTELLT;eingehend;;
dabdigdeu_49012;bmi;UNTERSTELLT;eingehend;;
dakges_6593;bmas;UNTERSTELLT;eingehend;;
datdeuwel_52186;bmjv;UNTERSTELLT;eingehend;;
dav_49230;bmv;UNTERSTELLT;eingehend;;
dbb;bafin;KOORDINIERT_MIT;ausgehend;2002;
debbkk_6594;bmas;UNTERSTELLT;eingehend;;
degdeuinventmbh_49140;bmz;UNTERSTELLT;eingehend;;
dek_16757;bmi;UNTERSTELLT;eingehend;;
dekdeugir_311;bmf;UNTERSTELLT;eingehend;;
destatis;bmi;UNTERSTELLT;eingehend;1953;
deuakaaus_345;bmi;UNTERSTELLT;eingehend;;
deuakaromvilmas_314;bkamt;UNTERSTELLT;eingehend;;
deuakatec_313;bmbfsj;UNTERSTELLT;eingehend;;
deuakkzulfürumw_15910;bmuv;UNTERSTELLT;eingehend;;
deuantdeufrabri_346;bmvg;UNTERSTELLT;eingehend;;
deuantdeuniekor_348;bmvg;UNTERSTELLT;eingehend;;
deuantmulkornor_349;bmvg;UNTERSTELLT;eingehend;;
deuarcins_371;aa;UNTERSTELLT;eingehend;;
deubahinvrel_14438;bmv;UNTERSTELLT;eingehend;;
deubotacc_51969;aa;UNTERSTELLT;eingehend;;
deubotbra_51796;aa;UNTERSTELLT;eingehend;;
deubotpar_51820;aa;UNTERSTELLT;eingehend;;
deubun_317;bmf;UNTERSTELLT;eingehend;;
deubun_351;bkamt;UNTERSTELLT;eingehend;;
deubunhauber_318;bmf;UNTERSTELLT;eingehend;;
deubunhaudüs_319;bmf;UNTERSTELLT;eingehend;;
deubunhauframai_328;bmf;UNTERSTELLT;eingehend;;
deubunhauham_329;bmf;UNTERSTELLT;eingehend;;
deubunhauhan_330;bmf;UNTERSTELLT;eingehend;;
deubunhaulei_331;bmf;UNTERSTELLT;eingehend;;
deubunhaumai_332;bmf;UNTERSTELLT;eingehend;;
deubunhaumün_333;bmf;UNTERSTELLT;eingehend;;
deubunhaustu_334;bmf;UNTERSTELLT;eingehend;;
deudiazenleizen_375;bmbfsj;UNTERSTELLT;eingehend;;
deuelesyn_376;bmbfsj;UNTERSTELLT;eingehend;;
deuemi_15652;bmuv;UNTERSTELLT;eingehend;;
deueth_354;bmi;UNTERSTELLT;eingehend;;
deufor_338;bmbfsj;UNTERSTELLT;eingehend;;
deuforfürleb_337;bmbfsj;UNTERSTELLT;eingehend;;
deufra_355;bmbfsj;UNTERSTELLT;eingehend;;
deuför_51965;bmbfsj;UNTERSTELLT;eingehend;;
deugesunf_341;bmas;UNTERSTELLT;eingehend;;
deuhaufürdhssuc_15849;bmg;UNTERSTELLT;eingehend;;
deuinsfürent_380;bmz;UNTERSTELLT;eingehend;;
deuinsfürern_381;bmbfsj;UNTERSTELLT;eingehend;;
deuinsfürerw_382;bmbfsj;UNTERSTELLT;eingehend;;
deuinsfürintpäd_383;bmbfsj;UNTERSTELLT;eingehend;;
deuinsfürnor_51230;bmi;UNTERSTELLT;eingehend;;
deuinsfürurb_385;bmi;UNTERSTELLT;eingehend;;
deuinsfürwir_386;bmbfsj;UNTERSTELLT;eingehend;;
deuinvent_342;bmwi;UNTERSTELLT;eingehend;;
deujug_387;bmbfsj;UNTERSTELLT;eingehend;;
deukinmusfürfil_343;bkamt;UNTERSTELLT;eingehend;;
deukoo_356;bmi;UNTERSTELLT;eingehend;;
deukulösteur_389;bkamt;UNTERSTELLT;eingehend;;
deunat_344;bkamt;UNTERSTELLT;eingehend;;
deuolyspo_361;bmi;UNTERSTELLT;eingehend;;
deupatmar_391;bmjv;UNTERSTELLT;eingehend;;
deurenbun_352;bmas;UNTERSTELLT;eingehend;;
deurenknabahsee_353;bmas;UNTERSTELLT;eingehend;;
deurheforber_394;bmbfsj;UNTERSTELLT;eingehend;;
deurotkre_395;bmi;UNTERSTELLT;eingehend;;
deurun_50391;bkamt;UNTERSTELLT;eingehend;;
deusch_374;bmvg;UNTERSTELLT;eingehend;;
deusch_396;bmv;UNTERSTELLT;eingehend;;
deuspagir_362;bmf;UNTERSTELLT;eingehend;;
deustu_18269;bmi;UNTERSTELLT;eingehend;;
deustä_14446;bmi;UNTERSTELLT;eingehend;;
deustägem_52097;bmi;UNTERSTELLT;eingehend;;
deuver_367;bmv;UNTERSTELLT;eingehend;;
deuverfüröffpri_366;bmi;UNTERSTELLT;eingehend;;
deuverkraaus_405;bmas;UNTERSTELLT;eingehend;;
deuverrüsusakan_404;bmvg;UNTERSTELLT;eingehend;;
deuwei_368;bmwi;UNTERSTELLT;eingehend;;
deuwel_406;bkamt;UNTERSTELLT;eingehend;;
deuwet_369;bmv;UNTERSTELLT;eingehend;;
deuzenfürlufrau_401;bmi;UNTERSTELLT;eingehend;;
deuzenfürmed_407;bkamt;UNTERSTELLT;eingehend;;
deuzenfürneuerk_402;bmbfsj;UNTERSTELLT;eingehend;;
deuzenfürtou_321;bmi;UNTERSTELLT;eingehend;;
dihdeuindhan_50896;bmi;UNTERSTELLT;eingehend;;
divlufope_324;bmvg;UNTERSTELLT;eingehend;;
divspeope_325;bmvg;UNTERSTELLT;eingehend;;
dkg_51810;bmg;UNTERSTELLT;eingehend;;
drv;bmas;RECHTSAUFSICHT;eingehend;2005;
dvvint_327;bmbfsj;UNTERSTELLT;eingehend;;
eba;bmv;UNTERSTELLT;eingehend;1994;
einbun_410;bmvg;UNTERSTELLT;eingehend;;
eis_411;bmv;UNTERSTELLT;eingehend;;
eisunfbun_1007;bmv;UNTERSTELLT;eingehend;;
eiti_48944;bmi;UNTERSTELLT;eingehend;;
eka_52050;bmvg;UNTERSTELLT;eingehend;;
enebkk_6597;bmas;UNTERSTELLT;eingehend;;
entwer_15909;bmi;UNTERSTELLT;eingehend;;
erd_414;bmwi;UNTERSTELLT;eingehend;;
ersdeufer_4107;bmi;UNTERSTELLT;eingehend;;
eurzenfürmin_416;bmi;UNTERSTELLT;eingehend;;
evakirfürbun_417;bmvg;UNTERSTELLT;eingehend;;
evazus_16125;bmas;UNTERSTELLT;eingehend;;
facfürintjugbun_424;bmas;UNTERSTELLT;eingehend;;
facmallacmbzhbz_419;bmi;UNTERSTELLT;eingehend;;
facnacroh_418;bmi;UNTERSTELLT;eingehend;;
fambadwürost_14030;bmas;UNTERSTELLT;eingehend;;
fambadwürwes_14031;bmas;UNTERSTELLT;eingehend;;
fambaynor_14032;bmas;UNTERSTELLT;eingehend;;
famberbra_14033;bmas;UNTERSTELLT;eingehend;;
famniebre_14034;bmas;UNTERSTELLT;eingehend;;
famnor_14035;bmas;UNTERSTELLT;eingehend;;
famnorwesnor_14036;bmas;UNTERSTELLT;eingehend;;
famnorwesost_14037;bmas;UNTERSTELLT;eingehend;;
famnorweswes_14038;bmas;UNTERSTELLT;eingehend;;
famrhepfasaa_14039;bmas;UNTERSTELLT;eingehend;;
famsac_14040;bmas;UNTERSTELLT;eingehend;;
famsacanhthü_14041;bmas;UNTERSTELLT;eingehend;;
fer_48876;bmv;UNTERSTELLT;eingehend;;
ferbrainsfürhöc_434;bmi;UNTERSTELLT;eingehend;;
fil_435;bmi;UNTERSTELLT;eingehend;;
fin_84;bmf;UNTERSTELLT;eingehend;;
finbunfürste_50954;bmf;UNTERSTELLT;eingehend;;
fiu_49006;bmf;UNTERSTELLT;eingehend;;
fizkar_437;bmi;UNTERSTELLT;eingehend;;
fluinfbun_48923;bmvg;UNTERSTELLT;eingehend;;
fluinsluf_440;bmvg;UNTERSTELLT;eingehend;;
forber_443;bmbfsj;UNTERSTELLT;eingehend;;
forborleizenfür_712;bmbfsj;UNTERSTELLT;eingehend;;
forbunfürwasgeo_441;bmvg;UNTERSTELLT;eingehend;;
fordreros_444;bmbfsj;UNTERSTELLT;eingehend;;
forfürbiolannut_442;bmbfsj;UNTERSTELLT;eingehend;;
forjül_445;bmbfsj;UNTERSTELLT;eingehend;;
fraeinfürelenan_447;bmbfsj;UNTERSTELLT;eingehend;;
fragesförangfor_448;bmbfsj;UNTERSTELLT;eingehend;;
frainsfüralgwis_449;bmbfsj;UNTERSTELLT;eingehend;;
frainsfürangfes_450;bmbfsj;UNTERSTELLT;eingehend;;
frainsfüranginf_451;bmbfsj;UNTERSTELLT;eingehend;;
frainsfürangint_14738;bmbfsj;UNTERSTELLT;eingehend;;
frainsfürangopt_452;bmbfsj;UNTERSTELLT;eingehend;;
frainsfürangpol_453;bmbfsj;UNTERSTELLT;eingehend;;
frainsfürarborg_454;bmas;UNTERSTELLT;eingehend;;
frainsfürbau_455;bmbfsj;UNTERSTELLT;eingehend;;
frainsfürbetsys_456;bmbfsj;UNTERSTELLT;eingehend;;
frainsfürbiotec_457;bmbfsj;UNTERSTELLT;eingehend;;
frainsfürchetec_458;bmbfsj;UNTERSTELLT;eingehend;;
frainsfürdigmed_459;bmbfsj;UNTERSTELLT;eingehend;;
frainsfürexpsof_461;bmbfsj;UNTERSTELLT;eingehend;;
frainsfürfabaut_462;bmbfsj;UNTERSTELLT;eingehend;;
frainsfürferang_463;bmbfsj;UNTERSTELLT;eingehend;;
frainsfürgradat_464;bmas;UNTERSTELLT;eingehend;;
frainsfürgrebio_465;bmbfsj;UNTERSTELLT;eingehend;;
frainsfürholwil_466;bmbfsj;UNTERSTELLT;eingehend;;
frainsfürinfrau_468;bmbfsj;UNTERSTELLT;eingehend;;
frainsfürintana_471;bmbfsj;UNTERSTELLT;eingehend;;
frainsfürintsch_469;bmbfsj;UNTERSTELLT;eingehend;;
frainsfürintsys_470;bmbfsj;UNTERSTELLT;eingehend;;
frainsfürkertec_472;bmbfsj;UNTERSTELLT;eingehend;;
frainsfürkom_473;bmbfsj;UNTERSTELLT;eingehend;;
frainsfürkurern_474;bmbfsj;UNTERSTELLT;eingehend;;
frainsfürlasmar_475;bmbfsj;UNTERSTELLT;eingehend;;
frainsfürmatlog_476;bmbfsj;UNTERSTELLT;eingehend;;
frainsfürmiksch_477;bmbfsj;UNTERSTELLT;eingehend;;
frainsfürmitost_478;bmbfsj;UNTERSTELLT;eingehend;;
frainsfürnachei_480;bmbfsj;UNTERSTELLT;eingehend;;
frainsfürnantec_481;bmbfsj;UNTERSTELLT;eingehend;;
frainsfürnattec_482;bmbfsj;UNTERSTELLT;eingehend;;
frainsfüroffkom_483;bmbfsj;UNTERSTELLT;eingehend;;
frainsfürphomik_484;bmbfsj;UNTERSTELLT;eingehend;;
frainsfürpro_489;bmbfsj;UNTERSTELLT;eingehend;;
frainsfürproaut_488;bmbfsj;UNTERSTELLT;eingehend;;
frainsfürprokon_487;bmbfsj;UNTERSTELLT;eingehend;;
frainsfürrecsof_490;bmbfsj;UNTERSTELLT;eingehend;;
frainsfürschobe_491;bmbfsj;UNTERSTELLT;eingehend;;
frainsfürsicinf_492;bmbfsj;UNTERSTELLT;eingehend;;
frainsfürsil_493;bmbfsj;UNTERSTELLT;eingehend;;
frainsfürsil_494;bmbfsj;UNTERSTELLT;eingehend;;
frainsfürsofsys_495;bmbfsj;UNTERSTELLT;eingehend;;
frainsfürsolene_496;bmbfsj;UNTERSTELLT;eingehend;;
frainsfürsysinn_497;bmbfsj;UNTERSTELLT;eingehend;;
frainsfürtoxexp_500;bmbfsj;UNTERSTELLT;eingehend;;
frainsfürumwsic_501;bmbfsj;UNTERSTELLT;eingehend;;
frainsfürverinf_503;bmv;UNTERSTELLT;eingehend;;
frainsfürverver_502;bmbfsj;UNTERSTELLT;eingehend;;
frainsfürwer_504;bmbfsj;UNTERSTELLT;eingehend;;
frainsfürwerstr_505;bmbfsj;UNTERSTELLT;eingehend;;
frainsfürwerumf_506;bmbfsj;UNTERSTELLT;eingehend;;
frainsfürzelimm_507;bmbfsj;UNTERSTELLT;eingehend;;
frainsfürzerprü_508;bmbfsj;UNTERSTELLT;eingehend;;
frainsfürzuvmik_509;bmbfsj;UNTERSTELLT;eingehend;;
friloeinsbunfür_511;bmelh;UNTERSTELLT;eingehend;;
fühbun_429;bmvg;UNTERSTELLT;eingehend;;
fühbun_430;bmvg;UNTERSTELLT;eingehend;;
fürarbaacdür_14254;bmas;UNTERSTELLT;eingehend;;
fürarbaal_14255;bmas;UNTERSTELLT;eingehend;;
fürarbahlmün_14256;bmas;UNTERSTELLT;eingehend;;
fürarbaltger_14257;bmas;UNTERSTELLT;eingehend;;
fürarbannbuc_14258;bmas;UNTERSTELLT;eingehend;;
fürarbanswei_14259;bmas;UNTERSTELLT;eingehend;;
fürarbarb_283;bmas;UNTERSTELLT;eingehend;;
fürarbasc_11074;bmas;UNTERSTELLT;eingehend;;
fürarbaug_11075;bmas;UNTERSTELLT;eingehend;;
fürarbbadherful_14260;bmas;UNTERSTELLT;eingehend;;
fürarbbadhom_14261;bmas;UNTERSTELLT;eingehend;;
fürarbbadkre_14262;bmas;UNTERSTELLT;eingehend;;
fürarbbadold_14263;bmas;UNTERSTELLT;eingehend;;
fürarbbal_14264;bmas;UNTERSTELLT;eingehend;;
fürarbbamcob_11076;bmas;UNTERSTELLT;eingehend;;
fürarbbau_14265;bmas;UNTERSTELLT;eingehend;;
fürarbbayhof_11077;bmas;UNTERSTELLT;eingehend;;
fürarbber_14268;bmas;UNTERSTELLT;eingehend;;
fürarbbergla_14266;bmas;UNTERSTELLT;eingehend;;
fürarbbermit_14252;bmas;UNTERSTELLT;eingehend;;
fürarbbernor_14267;bmas;UNTERSTELLT;eingehend;;
fürarbbersüd_14253;bmas;UNTERSTELLT;eingehend;;
fürarbbie_14269;bmas;UNTERSTELLT;eingehend;;
fürarbbli_5768;bmas;UNTERSTELLT;eingehend;;
fürarbboc_14270;bmas;UNTERSTELLT;eingehend;;
fürarbbon_14271;bmas;UNTERSTELLT;eingehend;;
fürarbbragos_14272;bmas;UNTERSTELLT;eingehend;;
fürarbbrebre_6618;bmas;UNTERSTELLT;eingehend;;
fürarbbrü_14273;bmas;UNTERSTELLT;eingehend;;
fürarbcel_14274;bmas;UNTERSTELLT;eingehend;;
fürarbche_14275;bmas;UNTERSTELLT;eingehend;;
fürarbcoe_14276;bmas;UNTERSTELLT;eingehend;;
fürarbcot_14277;bmas;UNTERSTELLT;eingehend;;
fürarbdar_14278;bmas;UNTERSTELLT;eingehend;;
fürarbdeg_11078;bmas;UNTERSTELLT;eingehend;;
fürarbdesroßwit_14279;bmas;UNTERSTELLT;eingehend;;
fürarbdet_14280;bmas;UNTERSTELLT;eingehend;;
fürarbdon_11079;bmas;UNTERSTELLT;eingehend;;
fürarbdor_14281;bmas;UNTERSTELLT;eingehend;;
fürarbdre_14282;bmas;UNTERSTELLT;eingehend;;
fürarbdui_14283;bmas;UNTERSTELLT;eingehend;;
fürarbdüs_14284;bmas;UNTERSTELLT;eingehend;;
fürarbebe_14285;bmas;UNTERSTELLT;eingehend;;
fürarbelm_14286;bmas;UNTERSTELLT;eingehend;;
fürarbemdlee_14287;bmas;UNTERSTELLT;eingehend;;
fürarberf_14288;bmas;UNTERSTELLT;eingehend;;
fürarbess_14289;bmas;UNTERSTELLT;eingehend;;
fürarbfle_14290;bmas;UNTERSTELLT;eingehend;;
fürarbfra_14292;bmas;UNTERSTELLT;eingehend;;
fürarbfre_14293;bmas;UNTERSTELLT;eingehend;;
fürarbfre_14294;bmas;UNTERSTELLT;eingehend;;
fürarbfre_14295;bmas;UNTERSTELLT;eingehend;;
fürarbfür_11080;bmas;UNTERSTELLT;eingehend;;
fürarbgel_14296;bmas;UNTERSTELLT;eingehend;;
fürarbgie_14297;bmas;UNTERSTELLT;eingehend;;
fürarbgot_14299;bmas;UNTERSTELLT;eingehend;;
fürarbgre_14301;bmas;UNTERSTELLT;eingehend;;
fürarbgöp_14298;bmas;UNTERSTELLT;eingehend;;
fürarbgöt_14300;bmas;UNTERSTELLT;eingehend;;
fürarbhag_14302;bmas;UNTERSTELLT;eingehend;;
fürarbhal_14303;bmas;UNTERSTELLT;eingehend;;
fürarbhal_14304;bmas;UNTERSTELLT;eingehend;;
fürarbham_13631;bmas;UNTERSTELLT;eingehend;;
fürarbham_14306;bmas;UNTERSTELLT;eingehend;;
fürarbhan_14307;bmas;UNTERSTELLT;eingehend;;
fürarbhan_14308;bmas;UNTERSTELLT;eingehend;;
fürarbhei_14309;bmas;UNTERSTELLT;eingehend;;
fürarbhei_14310;bmas;UNTERSTELLT;eingehend;;
fürarbhei_14311;bmas;UNTERSTELLT;eingehend;;
fürarbhel_14312;bmas;UNTERSTELLT;eingehend;;
fürarbher_14313;bmas;UNTERSTELLT;eingehend;;
fürarbheu_5769;bmas;UNTERSTELLT;eingehend;;
fürarbhil_14314;bmas;UNTERSTELLT;eingehend;;
fürarbhofgesmün_11081;bmas;UNTERSTELLT;eingehend;;
fürarbhom_5770;bmas;UNTERSTELLT;eingehend;;
fürarbing_11082;bmas;UNTERSTELLT;eingehend;;
fürarbing_5776;bmas;UNTERSTELLT;eingehend;;
fürarbise_14315;bmas;UNTERSTELLT;eingehend;;
fürarbjen_14316;bmas;UNTERSTELLT;eingehend;;
fürarbkaipir_14317;bmas;UNTERSTELLT;eingehend;;
fürarbkarras_4360;bmas;UNTERSTELLT;eingehend;;
fürarbkas_14318;bmas;UNTERSTELLT;eingehend;;
fürarbkemmem_11083;bmas;UNTERSTELLT;eingehend;;
fürarbkie_14319;bmas;UNTERSTELLT;eingehend;;
fürarbkobmay_14320;bmas;UNTERSTELLT;eingehend;;
fürarbkonrav_14322;bmas;UNTERSTELLT;eingehend;;
fürarbkor_14323;bmas;UNTERSTELLT;eingehend;;
fürarbkre_14324;bmas;UNTERSTELLT;eingehend;;
fürarbköl_14321;bmas;UNTERSTELLT;eingehend;;
fürarblan_14325;bmas;UNTERSTELLT;eingehend;;
fürarblanpfa_11084;bmas;UNTERSTELLT;eingehend;;
fürarbleb_5771;bmas;UNTERSTELLT;eingehend;;
fürarblei_14326;bmas;UNTERSTELLT;eingehend;;
fürarblimwet_14327;bmas;UNTERSTELLT;eingehend;;
fürarblud_14330;bmas;UNTERSTELLT;eingehend;;
fürarblud_14331;bmas;UNTERSTELLT;eingehend;;
fürarblör_14328;bmas;UNTERSTELLT;eingehend;;
fürarblüb_14329;bmas;UNTERSTELLT;eingehend;;
fürarblünuel_14332;bmas;UNTERSTELLT;eingehend;;
fürarbmag_14333;bmas;UNTERSTELLT;eingehend;;
fürarbmai_14334;bmas;UNTERSTELLT;eingehend;;
fürarbman_14335;bmas;UNTERSTELLT;eingehend;;
fürarbmar_14336;bmas;UNTERSTELLT;eingehend;;
fürarbmer_5772;bmas;UNTERSTELLT;eingehend;;
fürarbmessoe_14337;bmas;UNTERSTELLT;eingehend;;
fürarbmet_14338;bmas;UNTERSTELLT;eingehend;;
fürarbmon_14340;bmas;UNTERSTELLT;eingehend;;
fürarbmön_14339;bmas;UNTERSTELLT;eingehend;;
fürarbmün_11085;bmas;UNTERSTELLT;eingehend;;
fürarbnagpfo_14341;bmas;UNTERSTELLT;eingehend;;
fürarbneu_14342;bmas;UNTERSTELLT;eingehend;;
fürarbneu_14343;bmas;UNTERSTELLT;eingehend;;
fürarbneu_14344;bmas;UNTERSTELLT;eingehend;;
fürarbneu_14345;bmas;UNTERSTELLT;eingehend;;
fürarbneu_5773;bmas;UNTERSTELLT;eingehend;;
fürarbniever_14346;bmas;UNTERSTELLT;eingehend;;
fürarbnor_14347;bmas;UNTERSTELLT;eingehend;;
fürarbnor_14348;bmas;UNTERSTELLT;eingehend;;
fürarbnür_11086;bmas;UNTERSTELLT;eingehend;;
fürarbobe_14349;bmas;UNTERSTELLT;eingehend;;
fürarboff_14350;bmas;UNTERSTELLT;eingehend;;
fürarboff_14351;bmas;UNTERSTELLT;eingehend;;
fürarboldwil_14352;bmas;UNTERSTELLT;eingehend;;
fürarbosc_14353;bmas;UNTERSTELLT;eingehend;;
fürarbosn_14354;bmas;UNTERSTELLT;eingehend;;
fürarbpad_14355;bmas;UNTERSTELLT;eingehend;;
fürarbpas_11087;bmas;UNTERSTELLT;eingehend;;
fürarbpfa_14356;bmas;UNTERSTELLT;eingehend;;
fürarbpir_14357;bmas;UNTERSTELLT;eingehend;;
fürarbpla_14358;bmas;UNTERSTELLT;eingehend;;
fürarbpot_14359;bmas;UNTERSTELLT;eingehend;;
fürarbrec_14360;bmas;UNTERSTELLT;eingehend;;
fürarbreg_11088;bmas;UNTERSTELLT;eingehend;;
fürarbreu_14361;bmas;UNTERSTELLT;eingehend;;
fürarbrhe_14362;bmas;UNTERSTELLT;eingehend;;
fürarbrie_14363;bmas;UNTERSTELLT;eingehend;;
fürarbros_11089;bmas;UNTERSTELLT;eingehend;;
fürarbros_14364;bmas;UNTERSTELLT;eingehend;;
fürarbrotvilsch_14365;bmas;UNTERSTELLT;eingehend;;
fürarbsaa_14366;bmas;UNTERSTELLT;eingehend;;
fürarbsaa_5774;bmas;UNTERSTELLT;eingehend;;
fürarbsaa_5775;bmas;UNTERSTELLT;eingehend;;
fürarbsan_14367;bmas;UNTERSTELLT;eingehend;;
fürarbsch_11090;bmas;UNTERSTELLT;eingehend;;
fürarbsch_11091;bmas;UNTERSTELLT;eingehend;;
fürarbsch_14369;bmas;UNTERSTELLT;eingehend;;
fürarbschhaltau_14368;bmas;UNTERSTELLT;eingehend;;
fürarbsie_14370;bmas;UNTERSTELLT;eingehend;;
fürarbsolwup_14371;bmas;UNTERSTELLT;eingehend;;
fürarbsoz_88;bmas;UNTERSTELLT;eingehend;;
fürarbsta_14372;bmas;UNTERSTELLT;eingehend;;
fürarbsta_7264;bmas;UNTERSTELLT;eingehend;;
fürarbste_7265;bmas;UNTERSTELLT;eingehend;;
fürarbstr_14373;bmas;UNTERSTELLT;eingehend;;
fürarbstu_14374;bmas;UNTERSTELLT;eingehend;;
fürarbsuh_14375;bmas;UNTERSTELLT;eingehend;;
fürarbsul_5778;bmas;UNTERSTELLT;eingehend;;
fürarbtra_11092;bmas;UNTERSTELLT;eingehend;;
fürarbtri_14376;bmas;UNTERSTELLT;eingehend;;
fürarbulm_14377;bmas;UNTERSTELLT;eingehend;;
fürarbvec_14378;bmas;UNTERSTELLT;eingehend;;
fürarbvöl_5779;bmas;UNTERSTELLT;eingehend;;
fürarbwad_5780;bmas;UNTERSTELLT;eingehend;;
fürarbwai_14379;bmas;UNTERSTELLT;eingehend;;
fürarbwei_11093;bmas;UNTERSTELLT;eingehend;;
fürarbwei_11094;bmas;UNTERSTELLT;eingehend;;
fürarbwei_14380;bmas;UNTERSTELLT;eingehend;;
fürarbwen_5777;bmas;UNTERSTELLT;eingehend;;
fürarbwes_14381;bmas;UNTERSTELLT;eingehend;;
fürarbwie_14382;bmas;UNTERSTELLT;eingehend;;
fürarbwür_14383;bmas;UNTERSTELLT;eingehend;;
fürarbzwi_14384;bmas;UNTERSTELLT;eingehend;;
fürarzmed_65;bmg;UNTERSTELLT;eingehend;;
fürausang_49154;aa;UNTERSTELLT;eingehend;;
fürausinfnutbun_4355;bmvg;UNTERSTELLT;eingehend;;
fürbaurau_265;bmv;UNTERSTELLT;eingehend;;
fürber_66;bmbfsj;UNTERSTELLT;eingehend;;
fürbev_67;bmi;UNTERSTELLT;eingehend;;
fürbevkat_266;bmi;UNTERSTELLT;eingehend;;
fürbilfamsenfra_91;bmbfsj;UNTERSTELLT;eingehend;;
fürdigbehorgmit_284;bmi;UNTERSTELLT;eingehend;;
fürdigsta_51919;bmv;UNTERSTELLT;eingehend;;
fürfamzivauf_5058;bmbfsj;UNTERSTELLT;eingehend;;
fürfin_285;bmf;UNTERSTELLT;eingehend;;
fürfin_286;bmf;UNTERSTELLT;eingehend;;
fürfortecrau_89;bmbfsj;UNTERSTELLT;eingehend;;
fürgeoroh_287;bmwi;UNTERSTELLT;eingehend;;
fürges_92;bmg;UNTERSTELLT;eingehend;;
fürgew_288;bmv;UNTERSTELLT;eingehend;;
fürimm_289;bmf;UNTERSTELLT;eingehend;;
fürinfumwdiebun_5121;bmvg;UNTERSTELLT;eingehend;;
fürjus_270;bmjv;UNTERSTELLT;eingehend;;
fürkargeo_271;bmi;UNTERSTELLT;eingehend;;
fürkulgesdeuöst_68;bkamt;UNTERSTELLT;eingehend;;
fürlanern_290;bmelh;UNTERSTELLT;eingehend;;
fürlanernhei_90;bmelh;UNTERSTELLT;eingehend;;
fürlogmob_268;bmv;UNTERSTELLT;eingehend;;
fürmatprü_291;bmwi;UNTERSTELLT;eingehend;;
fürmigflü_272;bmi;UNTERSTELLT;eingehend;;
fürnat_273;bmuv;UNTERSTELLT;eingehend;;
fürperbun_4139;bmvg;UNTERSTELLT;eingehend;;
fürpostel_292;bmf;UNTERSTELLT;eingehend;;
fürris_69;bmas;UNTERSTELLT;eingehend;;
fürseehyd_274;bmv;UNTERSTELLT;eingehend;;
fürsicinf_275;bmi;UNTERSTELLT;eingehend;;
fürsicnukent_13659;bmuv;UNTERSTELLT;eingehend;;
fürsozsic_135;bmas;UNTERSTELLT;eingehend;;
fürspo_70;bmi;UNTERSTELLT;eingehend;;
fürstr_276;bmuv;UNTERSTELLT;eingehend;;
fürstr_293;bmv;UNTERSTELLT;eingehend;;
fürumwklinatnuk_93;bmuv;UNTERSTELLT;eingehend;;
fürver_15650;bmi;UNTERSTELLT;eingehend;;
fürver_278;bmi;UNTERSTELLT;eingehend;;
fürver_94;bmv;UNTERSTELLT;eingehend;;
fürverleb_277;bmelh;UNTERSTELLT;eingehend;;
fürverson_294;bmf;UNTERSTELLT;eingehend;;
fürwas_295;bmv;UNTERSTELLT;eingehend;;
fürweh_280;bmvg;UNTERSTELLT;eingehend;;
fürwiraus_281;bmwi;UNTERSTELLT;eingehend;;
fürwirene_96;bmwi;UNTERSTELLT;eingehend;;
fürwirzusent_95;bmz;UNTERSTELLT;eingehend;;
fürwohstabau_49833;bmwsb;UNTERSTELLT;eingehend;;
fürzendieoffver_282;bmf;UNTERSTELLT;eingehend;;
füräußres_264;bmf;UNTERSTELLT;eingehend;;
füröffges_232;bmg;UNTERSTELLT;eingehend;;
gba;bmjv;UNTERSTELLT;eingehend;1950;
gebwin_513;bmvg;UNTERSTELLT;eingehend;;
gefhee_514;bmvg;UNTERSTELLT;eingehend;;
gefhee_515;bmvg;UNTERSTELLT;eingehend;;
gek_6571;bmvg;UNTERSTELLT;eingehend;;
gembun_5135;bmas;UNTERSTELLT;eingehend;;
gemgesfürtelges_5279;bmg;UNTERSTELLT;eingehend;;
gemwis_516;bkamt;UNTERSTELLT;eingehend;;
genbeibun_519;bmjv;UNTERSTELLT;eingehend;;
genbun_5130;bmf;UNTERSTELLT;eingehend;;
genbundeubos_50262;aa;UNTERSTELLT;eingehend;;
genbundeuist_51807;aa;UNTERSTELLT;eingehend;;
genbundeunewyor_50257;aa;UNTERSTELLT;eingehend;;
genluf_518;bmvg;UNTERSTELLT;eingehend;;
genstaber_52190;bkamt;UNTERSTELLT;eingehend;;
gerinsgloandare_520;bmbfsj;UNTERSTELLT;eingehend;;
gernat_521;bkamt;UNTERSTELLT;eingehend;;
gertraandinvges_522;bmas;UNTERSTELLT;eingehend;;
gesbau_50412;bmwsb;UNTERSTELLT;eingehend;;
gesfüranlreambh_524;bmi;UNTERSTELLT;eingehend;;
gesfürentbesbet_525;bmvg;UNTERSTELLT;eingehend;;
gesfürschmbh_526;bmbfsj;UNTERSTELLT;eingehend;;
gesfürverges_527;bmas;UNTERSTELLT;eingehend;;
gesfürwehsic_528;bmvg;UNTERSTELLT;eingehend;;
gesfürweimedmbh_529;bmbfsj;UNTERSTELLT;eingehend;;
gesleiinsfürsoz_531;bmas;UNTERSTELLT;eingehend;;
gkv;bmg;RECHTSAUFSICHT;eingehend;2008;
gkvinf_532;bmi;UNTERSTELLT;eingehend;;
gkvspi_5133;bmg;UNTERSTELLT;eingehend;;
goeins_533;aa;UNTERSTELLT;eingehend;;
gzd;bmf;UNTERSTELLT;eingehend;2016;
hanjobros_14043;bmas;UNTERSTELLT;eingehend;;
hauaac_536;bmf;UNTERSTELLT;eingehend;;
hauaug_537;bmf;UNTERSTELLT;eingehend;;
hauber_538;bmf;UNTERSTELLT;eingehend;;
haubie_539;bmf;UNTERSTELLT;eingehend;;
haubra_540;bmf;UNTERSTELLT;eingehend;;
haubre_541;bmf;UNTERSTELLT;eingehend;;
haudar_542;bmf;UNTERSTELLT;eingehend;;
haudor_543;bmf;UNTERSTELLT;eingehend;;
haudre_544;bmf;UNTERSTELLT;eingehend;;
haudui_545;bmf;UNTERSTELLT;eingehend;;
haudüs_546;bmf;UNTERSTELLT;eingehend;;
hauerf_547;bmf;UNTERSTELLT;eingehend;;
hauframaiflu_549;bmf;UNTERSTELLT;eingehend;;
haugie_550;bmf;UNTERSTELLT;eingehend;;
hauham_553;bmf;UNTERSTELLT;eingehend;;
hauhamhaf_551;bmf;UNTERSTELLT;eingehend;;
hauhamjon_552;bmf;UNTERSTELLT;eingehend;;
hauhan_554;bmf;UNTERSTELLT;eingehend;;
hauhei_555;bmf;UNTERSTELLT;eingehend;;
hauitz_556;bmf;UNTERSTELLT;eingehend;;
haukar_557;bmf;UNTERSTELLT;eingehend;;
haukie_558;bmf;UNTERSTELLT;eingehend;;
haukob_559;bmf;UNTERSTELLT;eingehend;;
haukre_561;bmf;UNTERSTELLT;eingehend;;
hauköl_560;bmf;UNTERSTELLT;eingehend;;
haulan_562;bmf;UNTERSTELLT;eingehend;;
haulör_563;bmf;UNTERSTELLT;eingehend;;
haumag_564;bmf;UNTERSTELLT;eingehend;;
haumün_565;bmf;UNTERSTELLT;eingehend;;
haumün_566;bmf;UNTERSTELLT;eingehend;;
haunür_567;bmf;UNTERSTELLT;eingehend;;
hauold_568;bmf;UNTERSTELLT;eingehend;;
hauosn_569;bmf;UNTERSTELLT;eingehend;;
haupot_570;bmf;UNTERSTELLT;eingehend;;
haureg_571;bmf;UNTERSTELLT;eingehend;;
hauros_572;bmf;UNTERSTELLT;eingehend;;
hausaa_573;bmf;UNTERSTELLT;eingehend;;
hausch_574;bmf;UNTERSTELLT;eingehend;;
hausin_575;bmf;UNTERSTELLT;eingehend;;
haustr_576;bmf;UNTERSTELLT;eingehend;;
haustu_577;bmf;UNTERSTELLT;eingehend;;
hauulm_578;bmf;UNTERSTELLT;eingehend;;
hav_579;bmv;UNTERSTELLT;eingehend;;
hee_581;bmvg;UNTERSTELLT;eingehend;;
hee_582;bmvg;UNTERSTELLT;eingehend;;
heibun_52237;bmvg;UNTERSTELLT;eingehend;;
heikra_6600;bmas;UNTERSTELLT;eingehend;;
heipetinsleiins_584;bmbfsj;UNTERSTELLT;eingehend;;
hekhankra_6599;bmas;UNTERSTELLT;eingehend;;
helgem_585;bmbfsj;UNTERSTELLT;eingehend;;
helzenpotdeugeo_591;bmbfsj;UNTERSTELLT;eingehend;;
herins_592;bmi;UNTERSTELLT;eingehend;;
higtecgrü_50286;bmi;UNTERSTELLT;eingehend;;
hishocinfsys_14395;bmi;UNTERSTELLT;eingehend;;
hkk_6601;bmas;UNTERSTELLT;eingehend;;
hocbunfürarb_7688;bmas;UNTERSTELLT;eingehend;;
hocbunfüröffver_15653;bmi;UNTERSTELLT;eingehend;;
hocdeubun_16963;bmf;UNTERSTELLT;eingehend;;
ifoinsfürwir_593;bmbfsj;UNTERSTELLT;eingehend;;
ihkforskiappihk_52096;bmi;UNTERSTELLT;eingehend;;
ikkcla_6603;bmas;UNTERSTELLT;eingehend;;
ikkgesplu_6604;bmas;UNTERSTELLT;eingehend;;
ikkinn_52003;bmg;UNTERSTELLT;eingehend;;
indlehtri_594;bmi;UNTERSTELLT;eingehend;;
inf_51186;bmv;UNTERSTELLT;eingehend;;
infbun_15644;bmf;UNTERSTELLT;eingehend;;
inn_87;bmi;UNTERSTELLT;eingehend;;
innforhigpermic_595;bmi;UNTERSTELLT;eingehend;;
ins_15646;bmi;UNTERSTELLT;eingehend;;
insforanasci_596;bmi;UNTERSTELLT;eingehend;;
insfürarbber_17069;bmas;UNTERSTELLT;eingehend;;
insfüraus_597;bmi;UNTERSTELLT;eingehend;;
insfürdeukulges_599;bkamt;UNTERSTELLT;eingehend;;
insfürdeuspr_600;bmi;UNTERSTELLT;eingehend;;
insfürgemziegro_601;bmbfsj;UNTERSTELLT;eingehend;;
insfürmikbun_602;bmvg;UNTERSTELLT;eingehend;;
insfürostmün_603;bmi;UNTERSTELLT;eingehend;;
insfürquatrages_52109;bmas;UNTERSTELLT;eingehend;;
insfürradbun_605;bmvg;UNTERSTELLT;eingehend;;
insfürstä_606;bmv;UNTERSTELLT;eingehend;;
insfürstäwoh_607;bmv;UNTERSTELLT;eingehend;;
insfürwelunikie_610;bmwi;UNTERSTELLT;eingehend;;
insfürwir_611;bmbfsj;UNTERSTELLT;eingehend;;
insfürwis_612;bmi;UNTERSTELLT;eingehend;;
insfürzei_613;bmi;UNTERSTELLT;eingehend;;
inttraser_615;bmi;UNTERSTELLT;eingehend;;
iqwig_51837;bmg;UNTERSTELLT;eingehend;;
jobaktkreeus_4284;bmas;UNTERSTELLT;eingehend;;
jobaktmet_4310;bmas;UNTERSTELLT;eingehend;;
jobalbdon_14085;bmas;UNTERSTELLT;eingehend;;
jobalt_11941;bmas;UNTERSTELLT;eingehend;;
jobaltlan_14086;bmas;UNTERSTELLT;eingehend;;
jobarbbie_4279;bmas;UNTERSTELLT;eingehend;;
jobarbgrulev_4298;bmas;UNTERSTELLT;eingehend;;
jobarbhelaktsoe_4309;bmas;UNTERSTELLT;eingehend;;
jobarbschede_14195;bmas;UNTERSTELLT;eingehend;;
jobaruerd_11942;bmas;UNTERSTELLT;eingehend;;
jobauglan_11943;bmas;UNTERSTELLT;eingehend;;
jobaugsta_11944;bmas;UNTERSTELLT;eingehend;;
jobbadbad_8833;bmas;UNTERSTELLT;eingehend;;
jobbaddob_14091;bmas;UNTERSTELLT;eingehend;;
jobbadkre_14092;bmas;UNTERSTELLT;eingehend;;
jobbadtölwol_11945;bmas;UNTERSTELLT;eingehend;;
jobbar_4132;bmas;UNTERSTELLT;eingehend;;
jobbaylan_11946;bmas;UNTERSTELLT;eingehend;;
jobbaysta_11947;bmas;UNTERSTELLT;eingehend;;
jobberchawil_14093;bmas;UNTERSTELLT;eingehend;;
jobberfrikre_14094;bmas;UNTERSTELLT;eingehend;;
jobberlan_11948;bmas;UNTERSTELLT;eingehend;;
jobberlic_14095;bmas;UNTERSTELLT;eingehend;;
jobbermarhel_14096;bmas;UNTERSTELLT;eingehend;;
jobbermit_14097;bmas;UNTERSTELLT;eingehend;;
jobberneu_14098;bmas;UNTERSTELLT;eingehend;;
jobberpan_14099;bmas;UNTERSTELLT;eingehend;;
jobberrei_14100;bmas;UNTERSTELLT;eingehend;;
jobberspa_14101;bmas;UNTERSTELLT;eingehend;;
jobberstezeh_14102;bmas;UNTERSTELLT;eingehend;;
jobbertemsch_14103;bmas;UNTERSTELLT;eingehend;;
jobbertreköp_14104;bmas;UNTERSTELLT;eingehend;;
jobberwit_14105;bmas;UNTERSTELLT;eingehend;;
jobbir_14106;bmas;UNTERSTELLT;eingehend;;
jobbitprü_14107;bmas;UNTERSTELLT;eingehend;;
jobboc_4281;bmas;UNTERSTELLT;eingehend;;
jobbon_4282;bmas;UNTERSTELLT;eingehend;;
jobbot_4287;bmas;UNTERSTELLT;eingehend;;
jobbra_14108;bmas;UNTERSTELLT;eingehend;;
jobbrahav_4125;bmas;UNTERSTELLT;eingehend;;
jobbre_12129;bmas;UNTERSTELLT;eingehend;;
jobbre_14109;bmas;UNTERSTELLT;eingehend;;
jobbrehoc_8834;bmas;UNTERSTELLT;eingehend;;
jobböb_14156;bmas;UNTERSTELLT;eingehend;;
jobbör_7436;bmas;UNTERSTELLT;eingehend;;
jobche_14110;bmas;UNTERSTELLT;eingehend;;
jobclo_14112;bmas;UNTERSTELLT;eingehend;;
jobcoblan_11949;bmas;UNTERSTELLT;eingehend;;
jobcobsta_11950;bmas;UNTERSTELLT;eingehend;;
jobcoczel_14111;bmas;UNTERSTELLT;eingehend;;
jobcot_4136;bmas;UNTERSTELLT;eingehend;;
jobcux_14113;bmas;UNTERSTELLT;eingehend;;
jobdar_14114;bmas;UNTERSTELLT;eingehend;;
jobdeg_11952;bmas;UNTERSTELLT;eingehend;;
jobdel_14115;bmas;UNTERSTELLT;eingehend;;
jobdesroß_14116;bmas;UNTERSTELLT;eingehend;;
jobdeuwei_14117;bmas;UNTERSTELLT;eingehend;;
jobdildon_11955;bmas;UNTERSTELLT;eingehend;;
jobdithei_14118;bmas;UNTERSTELLT;eingehend;;
jobdon_14119;bmas;UNTERSTELLT;eingehend;;
jobdonriedon_11956;bmas;UNTERSTELLT;eingehend;;
jobdor_4290;bmas;UNTERSTELLT;eingehend;;
jobdre_10842;bmas;UNTERSTELLT;eingehend;;
jobdui_4292;bmas;UNTERSTELLT;eingehend;;
jobdüs_4291;bmas;UNTERSTELLT;eingehend;;
jobebe_14120;bmas;UNTERSTELLT;eingehend;;
jobeic_11957;bmas;UNTERSTELLT;eingehend;;
jobelbels_4134;bmas;UNTERSTELLT;eingehend;;
jobemd_14122;bmas;UNTERSTELLT;eingehend;;
joberf_14123;bmas;UNTERSTELLT;eingehend;;
joberlhöc_11959;bmas;UNTERSTELLT;eingehend;;
jobfic_11960;bmas;UNTERSTELLT;eingehend;;
jobfle_14124;bmas;UNTERSTELLT;eingehend;;
jobfor_11962;bmas;UNTERSTELLT;eingehend;;
jobframai_14125;bmas;UNTERSTELLT;eingehend;;
jobfre_14126;bmas;UNTERSTELLT;eingehend;;
jobfre_8836;bmas;UNTERSTELLT;eingehend;;
jobfregra_11963;bmas;UNTERSTELLT;eingehend;;
jobfür_11965;bmas;UNTERSTELLT;eingehend;;
jobfürarbalzwor_14087;bmas;UNTERSTELLT;eingehend;;
jobfürarbwor_14229;bmas;UNTERSTELLT;eingehend;;
jobfürlan_11966;bmas;UNTERSTELLT;eingehend;;
jobfürsta_11967;bmas;UNTERSTELLT;eingehend;;
jobgel_4288;bmas;UNTERSTELLT;eingehend;;
jobgif_14130;bmas;UNTERSTELLT;eingehend;;
jobgos_14131;bmas;UNTERSTELLT;eingehend;;
jobgrufürarbkre_14146;bmas;UNTERSTELLT;eingehend;;
jobgüs_14132;bmas;UNTERSTELLT;eingehend;;
jobhag_4301;bmas;UNTERSTELLT;eingehend;;
jobhampyr_14134;bmas;UNTERSTELLT;eingehend;;
jobhangre_14061;bmas;UNTERSTELLT;eingehend;;
jobhei_8837;bmas;UNTERSTELLT;eingehend;;
jobhei_8838;bmas;UNTERSTELLT;eingehend;;
jobhel_14135;bmas;UNTERSTELLT;eingehend;;
jobher_4296;bmas;UNTERSTELLT;eingehend;;
jobher_4304;bmas;UNTERSTELLT;eingehend;;
jobherlau_14136;bmas;UNTERSTELLT;eingehend;;
jobhil_14138;bmas;UNTERSTELLT;eingehend;;
jobhoflan_11969;bmas;UNTERSTELLT;eingehend;;
jobhofsta_11970;bmas;UNTERSTELLT;eingehend;;
jobhoh_8839;bmas;UNTERSTELLT;eingehend;;
jobhol_14139;bmas;UNTERSTELLT;eingehend;;
jobilmkre_14140;bmas;UNTERSTELLT;eingehend;;
jobjerlan_14143;bmas;UNTERSTELLT;eingehend;;
jobjunman_8841;bmas;UNTERSTELLT;eingehend;;
jobkemall_11978;bmas;UNTERSTELLT;eingehend;;
jobkie_7200;bmas;UNTERSTELLT;eingehend;;
jobkit_11979;bmas;UNTERSTELLT;eingehend;;
jobkre_4306;bmas;UNTERSTELLT;eingehend;;
jobkrehei_4294;bmas;UNTERSTELLT;eingehend;;
jobkrehöx_4305;bmas;UNTERSTELLT;eingehend;;
jobkreolp_4317;bmas;UNTERSTELLT;eingehend;;
jobkrepad_4318;bmas;UNTERSTELLT;eingehend;;
jobkrepin_14145;bmas;UNTERSTELLT;eingehend;;
jobkreplö_14147;bmas;UNTERSTELLT;eingehend;;
jobkrereneck_7201;bmas;UNTERSTELLT;eingehend;;
jobkreseg_14199;bmas;UNTERSTELLT;eingehend;;
jobkresiewit_4324;bmas;UNTERSTELLT;eingehend;;
jobkreunn_4303;bmas;UNTERSTELLT;eingehend;;
jobkrevie_4307;bmas;UNTERSTELLT;eingehend;;
jobkrewes_4328;bmas;UNTERSTELLT;eingehend;;
jobkul_11980;bmas;UNTERSTELLT;eingehend;;
jobkyf_14148;bmas;UNTERSTELLT;eingehend;;
jobköl_4273;bmas;UNTERSTELLT;eingehend;;
joblanahr_14084;bmas;UNTERSTELLT;eingehend;;
joblanambsulsta_11964;bmas;UNTERSTELLT;eingehend;;
joblanasc_11982;bmas;UNTERSTELLT;eingehend;;
joblanbadkis_11971;bmas;UNTERSTELLT;eingehend;;
joblanbam_11983;bmas;UNTERSTELLT;eingehend;;
joblancal_8842;bmas;UNTERSTELLT;eingehend;;
joblancel_14141;bmas;UNTERSTELLT;eingehend;;
joblancha_11972;bmas;UNTERSTELLT;eingehend;;
joblandac_11951;bmas;UNTERSTELLT;eingehend;;
joblandahspr_4135;bmas;UNTERSTELLT;eingehend;;
joblandinlan_11984;bmas;UNTERSTELLT;eingehend;;
joblanemm_8843;bmas;UNTERSTELLT;eingehend;;
joblaness_8844;bmas;UNTERSTELLT;eingehend;;
joblanfre_8845;bmas;UNTERSTELLT;eingehend;;
joblangarpar_11985;bmas;UNTERSTELLT;eingehend;;
joblanger_14128;bmas;UNTERSTELLT;eingehend;;
joblangot_14151;bmas;UNTERSTELLT;eingehend;;
joblangöp_12900;bmas;UNTERSTELLT;eingehend;;
joblanhar_14158;bmas;UNTERSTELLT;eingehend;;
joblanhaß_4329;bmas;UNTERSTELLT;eingehend;;
joblanhei_8846;bmas;UNTERSTELLT;eingehend;;
joblanhil_14137;bmas;UNTERSTELLT;eingehend;;
joblankar_8847;bmas;UNTERSTELLT;eingehend;;
joblankas_14152;bmas;UNTERSTELLT;eingehend;;
joblankel_11986;bmas;UNTERSTELLT;eingehend;;
joblankon_8848;bmas;UNTERSTELLT;eingehend;;
joblankro_11987;bmas;UNTERSTELLT;eingehend;;
joblanlan_11988;bmas;UNTERSTELLT;eingehend;;
joblanlec_12002;bmas;UNTERSTELLT;eingehend;;
joblanlic_11989;bmas;UNTERSTELLT;eingehend;;
joblanlinbod_11990;bmas;UNTERSTELLT;eingehend;;
joblanlör_8849;bmas;UNTERSTELLT;eingehend;;
joblanlün_14159;bmas;UNTERSTELLT;eingehend;;
joblanmag_7379;bmas;UNTERSTELLT;eingehend;;
joblanmil_11991;bmas;UNTERSTELLT;eingehend;;
joblanneuaisbad_11994;bmas;UNTERSTELLT;eingehend;;
joblanneuobe_11993;bmas;UNTERSTELLT;eingehend;;
joblanneusch_12008;bmas;UNTERSTELLT;eingehend;;
joblanniewes_14142;bmas;UNTERSTELLT;eingehend;;
joblannor_14180;bmas;UNTERSTELLT;eingehend;;
joblanpfailm_11996;bmas;UNTERSTELLT;eingehend;;
joblanras_14185;bmas;UNTERSTELLT;eingehend;;
joblanreg_11997;bmas;UNTERSTELLT;eingehend;;
joblanreg_14160;bmas;UNTERSTELLT;eingehend;;
joblanreu_14161;bmas;UNTERSTELLT;eingehend;;
joblanrhögra_11973;bmas;UNTERSTELLT;eingehend;;
joblanros_11998;bmas;UNTERSTELLT;eingehend;;
joblanrot_14056;bmas;UNTERSTELLT;eingehend;;
joblanrotinn_11999;bmas;UNTERSTELLT;eingehend;;
joblansch_11974;bmas;UNTERSTELLT;eingehend;;
joblansch_11975;bmas;UNTERSTELLT;eingehend;;
joblanschbaakre_14197;bmas;UNTERSTELLT;eingehend;;
joblanschhal_8840;bmas;UNTERSTELLT;eingehend;;
joblansig_14200;bmas;UNTERSTELLT;eingehend;;
joblanson_14162;bmas;UNTERSTELLT;eingehend;;
joblansta_12003;bmas;UNTERSTELLT;eingehend;;
joblansta_14163;bmas;UNTERSTELLT;eingehend;;
joblansüdwei_14208;bmas;UNTERSTELLT;eingehend;;
joblantelflä_4123;bmas;UNTERSTELLT;eingehend;;
joblantüb_14164;bmas;UNTERSTELLT;eingehend;;
joblanvec_14214;bmas;UNTERSTELLT;eingehend;;
joblanweisch_12025;bmas;UNTERSTELLT;eingehend;;
joblanwit_14225;bmas;UNTERSTELLT;eingehend;;
joblei_4330;bmas;UNTERSTELLT;eingehend;;
joblimwei_14155;bmas;UNTERSTELLT;eingehend;;
jobludpar_14057;bmas;UNTERSTELLT;eingehend;;
joblüb_14166;bmas;UNTERSTELLT;eingehend;;
joblücdan_14167;bmas;UNTERSTELLT;eingehend;;
jobmai_14170;bmas;UNTERSTELLT;eingehend;;
jobmaispe_12004;bmas;UNTERSTELLT;eingehend;;
jobmaitau_14169;bmas;UNTERSTELLT;eingehend;;
jobman_14171;bmas;UNTERSTELLT;eingehend;;
jobmansüd_7438;bmas;UNTERSTELLT;eingehend;;
jobmecseenor_14173;bmas;UNTERSTELLT;eingehend;;
jobmecseesüd_14174;bmas;UNTERSTELLT;eingehend;;
jobmem_12005;bmas;UNTERSTELLT;eingehend;;
jobmerwad_6056;bmas;UNTERSTELLT;eingehend;;
jobmitfremitdöb_14172;bmas;UNTERSTELLT;eingehend;;
jobmärkre_4143;bmas;UNTERSTELLT;eingehend;;
jobmärode_4130;bmas;UNTERSTELLT;eingehend;;
jobmön_4312;bmas;UNTERSTELLT;eingehend;;
jobmühinn_12006;bmas;UNTERSTELLT;eingehend;;
jobnecodekre_14175;bmas;UNTERSTELLT;eingehend;;
jobneu_14153;bmas;UNTERSTELLT;eingehend;;
jobneu_6067;bmas;UNTERSTELLT;eingehend;;
jobneureneck_14176;bmas;UNTERSTELLT;eingehend;;
jobneuulm_14177;bmas;UNTERSTELLT;eingehend;;
jobnor_14059;bmas;UNTERSTELLT;eingehend;;
jobnor_14178;bmas;UNTERSTELLT;eingehend;;
jobnor_14179;bmas;UNTERSTELLT;eingehend;;
jobnürlan_12010;bmas;UNTERSTELLT;eingehend;;
jobnürsta_12009;bmas;UNTERSTELLT;eingehend;;
jobobe_4299;bmas;UNTERSTELLT;eingehend;;
jobobe_4316;bmas;UNTERSTELLT;eingehend;;
jobobelau_4133;bmas;UNTERSTELLT;eingehend;;
jobost_12011;bmas;UNTERSTELLT;eingehend;;
jobost_7202;bmas;UNTERSTELLT;eingehend;;
jobpaslan_12012;bmas;UNTERSTELLT;eingehend;;
jobpassta_12013;bmas;UNTERSTELLT;eingehend;;
jobpir_14184;bmas;UNTERSTELLT;eingehend;;
jobpri_4126;bmas;UNTERSTELLT;eingehend;;
jobreghan_14186;bmas;UNTERSTELLT;eingehend;;
jobregsaa_6295;bmas;UNTERSTELLT;eingehend;;
jobregsta_12019;bmas;UNTERSTELLT;eingehend;;
jobrem_4320;bmas;UNTERSTELLT;eingehend;;
jobremmur_14187;bmas;UNTERSTELLT;eingehend;;
jobrheber_4278;bmas;UNTERSTELLT;eingehend;;
jobrheerfkre_4283;bmas;UNTERSTELLT;eingehend;;
jobrhehun_14188;bmas;UNTERSTELLT;eingehend;;
jobrhekreneu_4315;bmas;UNTERSTELLT;eingehend;;
jobrhelahbadems_14189;bmas;UNTERSTELLT;eingehend;;
jobrheneckre_14060;bmas;UNTERSTELLT;eingehend;;
jobrhesie_4321;bmas;UNTERSTELLT;eingehend;;
jobrossta_12014;bmas;UNTERSTELLT;eingehend;;
jobrot_12015;bmas;UNTERSTELLT;eingehend;;
jobsaahol_14190;bmas;UNTERSTELLT;eingehend;;
jobsaaorlkre_14191;bmas;UNTERSTELLT;eingehend;;
jobsaarud_14192;bmas;UNTERSTELLT;eingehend;;
jobsal_14193;bmas;UNTERSTELLT;eingehend;;
jobsch_12016;bmas;UNTERSTELLT;eingehend;;
jobsch_14198;bmas;UNTERSTELLT;eingehend;;
jobsta_14202;bmas;UNTERSTELLT;eingehend;;
jobstaans_14088;bmas;UNTERSTELLT;eingehend;;
jobstaasc_12017;bmas;UNTERSTELLT;eingehend;;
jobstabam_12018;bmas;UNTERSTELLT;eingehend;;
jobstager_14127;bmas;UNTERSTELLT;eingehend;;
jobstahei_14203;bmas;UNTERSTELLT;eingehend;;
jobstakai_14204;bmas;UNTERSTELLT;eingehend;;
jobstakar_16474;bmas;UNTERSTELLT;eingehend;;
jobstakas_14205;bmas;UNTERSTELLT;eingehend;;
jobstakob_14144;bmas;UNTERSTELLT;eingehend;;
jobstamün_12007;bmas;UNTERSTELLT;eingehend;;
jobstaold_5129;bmas;UNTERSTELLT;eingehend;;
jobstawür_12020;bmas;UNTERSTELLT;eingehend;;
jobste_14154;bmas;UNTERSTELLT;eingehend;;
jobste_14206;bmas;UNTERSTELLT;eingehend;;
jobsto_14207;bmas;UNTERSTELLT;eingehend;;
jobstrbog_12021;bmas;UNTERSTELLT;eingehend;;
jobstäaac_4280;bmas;UNTERSTELLT;eingehend;;
jobsuh_14209;bmas;UNTERSTELLT;eingehend;;
jobsäcschost_14182;bmas;UNTERSTELLT;eingehend;;
jobsöm_14201;bmas;UNTERSTELLT;eingehend;;
jobteaarbham_13632;bmas;UNTERSTELLT;eingehend;;
jobtir_12022;bmas;UNTERSTELLT;eingehend;;
jobtra_12023;bmas;UNTERSTELLT;eingehend;;
jobtri_14210;bmas;UNTERSTELLT;eingehend;;
jobtrisaa_14211;bmas;UNTERSTELLT;eingehend;;
jobuecranvorgre_14062;bmas;UNTERSTELLT;eingehend;;
jobuel_14165;bmas;UNTERSTELLT;eingehend;;
jobulm_14212;bmas;UNTERSTELLT;eingehend;;
jobunshaikre_14213;bmas;UNTERSTELLT;eingehend;;
jobunt_12000;bmas;UNTERSTELLT;eingehend;;
jobvorlud_14216;bmas;UNTERSTELLT;eingehend;;
jobwalfra_14063;bmas;UNTERSTELLT;eingehend;;
jobwar_14217;bmas;UNTERSTELLT;eingehend;;
jobwei_14218;bmas;UNTERSTELLT;eingehend;;
jobweigun_12026;bmas;UNTERSTELLT;eingehend;;
jobweilan_14219;bmas;UNTERSTELLT;eingehend;;
jobweineu_12024;bmas;UNTERSTELLT;eingehend;;
jobwermei_14220;bmas;UNTERSTELLT;eingehend;;
jobwes_14221;bmas;UNTERSTELLT;eingehend;;
jobwes_14222;bmas;UNTERSTELLT;eingehend;;
jobwet_14223;bmas;UNTERSTELLT;eingehend;;
jobwil_14224;bmas;UNTERSTELLT;eingehend;;
jobwitlan_12027;bmas;UNTERSTELLT;eingehend;;
jobwol_14227;bmas;UNTERSTELLT;eingehend;;
jobwol_14228;bmas;UNTERSTELLT;eingehend;;
jobzol_14230;bmas;UNTERSTELLT;eingehend;;
jobzwe_14231;bmas;UNTERSTELLT;eingehend;;
jobzwi_14232;bmas;UNTERSTELLT;eingehend;;
johheithüinsbun_616;bmelh;UNTERSTELLT;eingehend;;
julkühinsbunfür_617;bmelh;UNTERSTELLT;eingehend;;
jusfürver_85;bmjv;UNTERSTELLT;eingehend;;
jülentfürnukmbh_51161;bmuv;UNTERSTELLT;eingehend;;
kasbun_619;bmg;UNTERSTELLT;eingehend;;
kasbun_620;bmg;UNTERSTELLT;eingehend;;
katdat_16848;bmjv;UNTERSTELLT;eingehend;;
katmil_625;bmvg;UNTERSTELLT;eingehend;;
kaukrakkh_6605;bmas;UNTERSTELLT;eingehend;;
kba;bmv;UNTERSTELLT;eingehend;1951;
kek_14701;bmi;UNTERSTELLT;eingehend;;
kfw_656;bmf;UNTERSTELLT;eingehend;;
kfwent_626;bmf;UNTERSTELLT;eingehend;;
kfwipeban_627;bmf;UNTERSTELLT;eingehend;;
kfwkom_628;bmf;UNTERSTELLT;eingehend;;
kfwmit_632;bmf;UNTERSTELLT;eingehend;;
kfwpri_633;bmf;UNTERSTELLT;eingehend;;
kfzzulesc_4171;bmi;UNTERSTELLT;eingehend;;
kinardzdf_16480;bkamt;UNTERSTELLT;eingehend;;
klibadrei_52032;bmas;UNTERSTELLT;eingehend;;
klomar_637;bmi;UNTERSTELLT;eingehend;;
kmkzenfürausbil_50442;bmbfsj;UNTERSTELLT;eingehend;;
kna_51988;bmg;UNTERSTELLT;eingehend;;
komcybinf_50937;bmvg;UNTERSTELLT;eingehend;;
komermfinöffrec_51745;bmf;UNTERSTELLT;eingehend;;
komfüranl_49264;bmuv;UNTERSTELLT;eingehend;;
komfürkasrecbun_645;bmf;UNTERSTELLT;eingehend;;
komfürkinjug_16561;bmbfsj;UNTERSTELLT;eingehend;;
komfürzulauf_4142;bmi;UNTERSTELLT;eingehend;;
komgemfürver_644;bmi;UNTERSTELLT;eingehend;;
komlufpreinf_752;bmvg;UNTERSTELLT;eingehend;;
komopefühein_641;bmvg;UNTERSTELLT;eingehend;;
komrecbun_16531;bmi;UNTERSTELLT;eingehend;;
komsch_51711;bmg;UNTERSTELLT;eingehend;;
komstr_862;bmvg;UNTERSTELLT;eingehend;;
kon_50918;bmv;UNTERSTELLT;eingehend;;
koobunfürgütlog_647;bmv;UNTERSTELLT;eingehend;;
koobunfürlufrau_648;bmwi;UNTERSTELLT;eingehend;;
koobunfürmarwir_652;bmwi;UNTERSTELLT;eingehend;;
koofürdeupolzwi_653;aa;UNTERSTELLT;eingehend;;
koofürtrazwikul_49003;bmas;UNTERSTELLT;eingehend;;
koofürtrazwikul_649;aa;UNTERSTELLT;eingehend;;
koofürzwipolzus_650;aa;UNTERSTELLT;eingehend;;
koopat_51649;bmg;UNTERSTELLT;eingehend;;
kra_654;bmv;UNTERSTELLT;eingehend;;
krabun_655;bmv;UNTERSTELLT;eingehend;;
kurfürtecbaulan_630;bmwi;UNTERSTELLT;eingehend;;
kurfürwalfor_631;bmas;UNTERSTELLT;eingehend;;
kurjundeufil_7700;bmi;UNTERSTELLT;eingehend;;
kün_711;bmas;UNTERSTELLT;eingehend;;
lanbadwür_17051;bmvg;UNTERSTELLT;eingehend;;
laumitbervermbh_15619;bmwi;UNTERSTELLT;eingehend;;
leigem_715;bmbfsj;UNTERSTELLT;eingehend;;
leiinsfüraltfri_718;bmbfsj;UNTERSTELLT;eingehend;;
leiinsfüranggeo_719;bmbfsj;UNTERSTELLT;eingehend;;
leiinsfürartuni_720;bmbfsj;UNTERSTELLT;eingehend;;
leiinsfüratmuni_721;bmbfsj;UNTERSTELLT;eingehend;;
leiinsfürfeswer_723;bmbfsj;UNTERSTELLT;eingehend;;
leiinsfürgewbin_724;bmbfsj;UNTERSTELLT;eingehend;;
leiinsfürkat_725;bmbfsj;UNTERSTELLT;eingehend;;
leiinsfürkri_726;bmbfsj;UNTERSTELLT;eingehend;;
leiinsfürlän_727;bmbfsj;UNTERSTELLT;eingehend;;
leiinsfürmee_728;bmbfsj;UNTERSTELLT;eingehend;;
leiinsfürmolpha_729;bmbfsj;UNTERSTELLT;eingehend;;
leiinsfürnatfor_730;bmbfsj;UNTERSTELLT;eingehend;;
leiinsfürneu_732;bmbfsj;UNTERSTELLT;eingehend;;
leiinsfürneumat_731;bmbfsj;UNTERSTELLT;eingehend;;
leiinsfürobe_733;bmbfsj;UNTERSTELLT;eingehend;;
leiinsfürostwar_735;bmbfsj;UNTERSTELLT;eingehend;;
leiinsfürpfl_736;bmbfsj;UNTERSTELLT;eingehend;;
leiinsfürpflkul_737;bkamt;UNTERSTELLT;eingehend;;
leiinsfürplatec_738;bmbfsj;UNTERSTELLT;eingehend;;
leiinsfürpädnat_722;bmbfsj;UNTERSTELLT;eingehend;;
leiinsfürregstr_739;bmbfsj;UNTERSTELLT;eingehend;;
leiinsfürtro_740;bmbfsj;UNTERSTELLT;eingehend;;
leiinsfürzoowil_741;bmbfsj;UNTERSTELLT;eingehend;;
leiinsfürökorau_734;bmbfsj;UNTERSTELLT;eingehend;;
leizenfürzeifor_16504;bmbfsj;UNTERSTELLT;eingehend;;
logbun_744;bmvg;UNTERSTELLT;eingehend;;
logbun_745;bmvg;UNTERSTELLT;eingehend;;
loghei_746;bmi;UNTERSTELLT;eingehend;;
luf_749;bmv;UNTERSTELLT;eingehend;;
luf_754;bmvg;UNTERSTELLT;eingehend;;
lufbun_13;bmvg;UNTERSTELLT;eingehend;;
lufluf_750;bmvg;UNTERSTELLT;eingehend;;
lufwah_755;bmvg;UNTERSTELLT;eingehend;;
länfürarbsic_51702;bmas;UNTERSTELLT;eingehend;;
mad;bmvg;UNTERSTELLT;eingehend;1956;
mar_439;bmvg;UNTERSTELLT;eingehend;;
mar_758;bmvg;UNTERSTELLT;eingehend;;
mar_760;bmvg;UNTERSTELLT;eingehend;;
marhankas_756;bmvg;UNTERSTELLT;eingehend;;
marmür_759;bmvg;UNTERSTELLT;eingehend;;
marwil_757;bmvg;UNTERSTELLT;eingehend;;
matforobe_761;bmbfsj;UNTERSTELLT;eingehend;;
maxborinsfürnic_762;bmi;UNTERSTELLT;eingehend;;
maxdelcenfürmol_763;bmbfsj;UNTERSTELLT;eingehend;;
maxplagesförwis_764;bmbfsj;UNTERSTELLT;eingehend;;
maxplainsfürkoh_766;bkamt;UNTERSTELLT;eingehend;;
maxplainsfürpla_767;bmbfsj;UNTERSTELLT;eingehend;;
maxrubinsbunfür_768;bmelh;UNTERSTELLT;eingehend;;
medalmgbr_4141;bmi;UNTERSTELLT;eingehend;;
meddiebunbun_14689;bmg;UNTERSTELLT;eingehend;;
merbenbkk_52008;bmg;UNTERSTELLT;eingehend;;
mhpbet_15896;bmg;UNTERSTELLT;eingehend;;
milfor_769;bmvg;UNTERSTELLT;eingehend;;
mobmbh_49159;bmv;UNTERSTELLT;eingehend;;
mon_770;bmi;UNTERSTELLT;eingehend;;
musfürnatleiins_771;bkamt;UNTERSTELLT;eingehend;;
natbeg_14678;bmi;UNTERSTELLT;eingehend;;
natfor_49881;bmbfsj;UNTERSTELLT;eingehend;;
natleilad_50875;bmwi;UNTERSTELLT;eingehend;;
natnor_774;bmi;UNTERSTELLT;eingehend;;
natsteverfol_14695;bmi;UNTERSTELLT;eingehend;;
neuhan_775;bmv;UNTERSTELLT;eingehend;;
novbkk_7772;bmg;UNTERSTELLT;eingehend;;
oder_14291;bmas;UNTERSTELLT;eingehend;;
oder_4129;bmas;UNTERSTELLT;eingehend;;
oder_548;bmf;UNTERSTELLT;eingehend;;
offhee_777;bmvg;UNTERSTELLT;eingehend;;
offluf_776;bmvg;UNTERSTELLT;eingehend;;
ostlan_778;bkamt;UNTERSTELLT;eingehend;;
pat_786;bmjv;UNTERSTELLT;eingehend;;
paudruinsfürfes_787;bmi;UNTERSTELLT;eingehend;;
pauehrins_788;bmg;UNTERSTELLT;eingehend;;
pei;bmg;UNTERSTELLT;eingehend;1972;
perbeabunfürg20_791;bmwi;UNTERSTELLT;eingehend;;
phytec_792;bmwi;UNTERSTELLT;eingehend;;
piofacheefürbau_793;bmvg;UNTERSTELLT;eingehend;;
polbunbeideubun_51646;bmi;UNTERSTELLT;eingehend;;
polkrilänbun_50282;bmi;UNTERSTELLT;eingehend;;
pos_794;bmf;UNTERSTELLT;eingehend;;
potinsfürkli_795;bmbfsj;UNTERSTELLT;eingehend;;
preinfbun_796;bkamt;UNTERSTELLT;eingehend;;
preinfsan_797;bmvg;UNTERSTELLT;eingehend;;
pro_6580;bmas;UNTERSTELLT;eingehend;;
projül_799;bmbfsj;UNTERSTELLT;eingehend;;
prübunber_800;bmf;UNTERSTELLT;eingehend;;
prübunframai_801;bmf;UNTERSTELLT;eingehend;;
prübunham_802;bmf;UNTERSTELLT;eingehend;;
prübunhan_803;bmf;UNTERSTELLT;eingehend;;
prübunkob_804;bmf;UNTERSTELLT;eingehend;;
prübunköl_805;bmf;UNTERSTELLT;eingehend;;
prübunmag_806;bmf;UNTERSTELLT;eingehend;;
prübunmün_807;bmf;UNTERSTELLT;eingehend;;
prübunstu_808;bmf;UNTERSTELLT;eingehend;;
psyost_13468;bmwi;UNTERSTELLT;eingehend;;
ptb;bmwi;UNTERSTELLT;eingehend;1887;
recbeibun_809;bmjv;UNTERSTELLT;eingehend;;
regbadwürbunfür_9027;bmas;UNTERSTELLT;eingehend;;
reifriebeged_811;bkamt;UNTERSTELLT;eingehend;;
rhewesinsfürwir_812;bmbfsj;UNTERSTELLT;eingehend;;
rki;bmg;UNTERSTELLT;eingehend;1994;
rkwratinndeuwir_15851;bmbfsj;UNTERSTELLT;eingehend;;
robkocins_814;bmg;UNTERSTELLT;eingehend;;
runwdrdrazdf_19154;bkamt;UNTERSTELLT;eingehend;;
saale_14133;bmas;UNTERSTELLT;eingehend;;
sacbegentges_16136;bmg;UNTERSTELLT;eingehend;;
sacbeggesent_51238;bmwi;UNTERSTELLT;eingehend;;
sacfürumw_816;bmuv;UNTERSTELLT;eingehend;;
salbkk_7775;bmg;UNTERSTELLT;eingehend;;
sanbun_52236;bmvg;UNTERSTELLT;eingehend;;
sbk_7663;bmas;UNTERSTELLT;eingehend;;
schfürdiebunulm_52052;bmvg;UNTERSTELLT;eingehend;;
schinsmar_825;bmvg;UNTERSTELLT;eingehend;;
schnac125abssgb_50036;bmi;UNTERSTELLT;eingehend;;
schnac127abssat_50041;bmi;UNTERSTELLT;eingehend;;
schnac129abssgb_50037;bmi;UNTERSTELLT;eingehend;;
schnac130abssgb_50038;bmi;UNTERSTELLT;eingehend;;
schnac132abssgb_50039;bmi;UNTERSTELLT;eingehend;;
schnac132abssgb_50042;bmi;UNTERSTELLT;eingehend;;
schnac134abssgb_50031;bmi;UNTERSTELLT;eingehend;;
schnac134abssgb_50040;bmi;UNTERSTELLT;eingehend;;
schnac18aabskhg_50035;bmi;UNTERSTELLT;eingehend;;
secbkk_7776;bmg;UNTERSTELLT;eingehend;;
sefmartraltd_51928;bmi;UNTERSTELLT;eingehend;;
sekbunnac89aabs_50043;bmi;UNTERSTELLT;eingehend;;
senfornatsng_828;bkamt;UNTERSTELLT;eingehend;;
sennatsamdre_829;bkamt;UNTERSTELLT;eingehend;;
skdbkk_52015;bmg;UNTERSTELLT;eingehend;;
sonbunfürafgpak_48942;bmz;UNTERSTELLT;eingehend;;
sonfürausfor_830;bmv;UNTERSTELLT;eingehend;;
sozfürlanforgar_4049;bmas;UNTERSTELLT;eingehend;;
sozinnverbun_15654;bmas;UNTERSTELLT;eingehend;;
sta_842;bmi;UNTERSTELLT;eingehend;;
staaufbeidekdeu_837;bmf;UNTERSTELLT;eingehend;;
staber_839;bmvg;UNTERSTELLT;eingehend;;
str_861;bmvg;UNTERSTELLT;eingehend;;
südbkk_52006;bmg;UNTERSTELLT;eingehend;;
tardeulän_51910;bmi;UNTERSTELLT;eingehend;;
tecfacnor_864;bmv;UNTERSTELLT;eingehend;;
techil_296;bmi;UNTERSTELLT;eingehend;;
techillanbadwür_15173;bmi;UNTERSTELLT;eingehend;;
techillanbay_15172;bmi;UNTERSTELLT;eingehend;;
techillanbrenie_15168;bmi;UNTERSTELLT;eingehend;;
techillanhammec_15170;bmi;UNTERSTELLT;eingehend;;
techillanhesrhe_15171;bmi;UNTERSTELLT;eingehend;;
techillannorwes_15169;bmi;UNTERSTELLT;eingehend;;
techillansacthü_15166;bmi;UNTERSTELLT;eingehend;;
tecinf_865;bkamt;UNTERSTELLT;eingehend;;
teckra_863;bmg;UNTERSTELLT;eingehend;;
tecschlanfachee_868;bmvg;UNTERSTELLT;eingehend;;
tecschluf_866;bmvg;UNTERSTELLT;eingehend;;
tecschluf_867;bmvg;UNTERSTELLT;eingehend;;
thw;bmi;UNTERSTELLT;eingehend;1950;
thw;bbk;KOORDINIERT_MIT;ausgehend;2004;
thwbun_869;bmi;UNTERSTELLT;eingehend;;
thwjug_870;bmi;UNTERSTELLT;eingehend;;
trunortdgnor_15920;bmjv;UNTERSTELLT;eingehend;;
trusüdtdgsüd_15921;bmjv;UNTERSTELLT;eingehend;;
tuibkk_7777;bmg;UNTERSTELLT;eingehend;;
tüvrhe_873;bmi;UNTERSTELLT;eingehend;;
uba;bmuv;UNTERSTELLT;eingehend;1986;
umw_875;bmuv;UNTERSTELLT;eingehend;;
unaexpfra_16467;bmbfsj;UNTERSTELLT;eingehend;;
unaexpfürkli_50150;bmuv;UNTERSTELLT;eingehend;;
unakon_50054;bmi;UNTERSTELLT;eingehend;;
unfbunbah_412;bmas;UNTERSTELLT;eingehend;;
unfbunbah_877;bmas;UNTERSTELLT;eingehend;;
uni_51718;bmi;UNTERSTELLT;eingehend;;
untheeleh_882;bmvg;UNTERSTELLT;eingehend;;
untluf_881;bmvg;UNTERSTELLT;eingehend;;
usk_9475;bmi;UNTERSTELLT;eingehend;;
ver_48991;bt;UNTERSTELLT;eingehend;;
ver_86;bmvg;UNTERSTELLT;eingehend;;
verber_896;bmas;UNTERSTELLT;eingehend;;
verbun_891;bmvg;UNTERSTELLT;eingehend;;
verbunbeibun_895;bmi;UNTERSTELLT;eingehend;;
verbunlän_894;bmf;UNTERSTELLT;eingehend;;
verdeubüh_892;bmas;UNTERSTELLT;eingehend;;
verdeukul_893;bmas;UNTERSTELLT;eingehend;;
verdeuver_886;bmv;UNTERSTELLT;eingehend;;
verers_4024;bmas;UNTERSTELLT;eingehend;;
verkomabfstavku_887;bmwi;UNTERSTELLT;eingehend;;
verkomunt_888;bmi;UNTERSTELLT;eingehend;;
viakra_6591;bmas;UNTERSTELLT;eingehend;;
vivbkk_51993;bmg;UNTERSTELLT;eingehend;;
wafluf_310;bmvg;UNTERSTELLT;eingehend;;
wasneuasc_898;bmv;UNTERSTELLT;eingehend;;
wasneuber_899;bmv;UNTERSTELLT;eingehend;;
wasneudat_900;bmv;UNTERSTELLT;eingehend;;
wasneuhel_901;bmv;UNTERSTELLT;eingehend;;
wasneumag_902;bmv;UNTERSTELLT;eingehend;;
wasschamtmossaa_49265;bmv;UNTERSTELLT;eingehend;;
wasschasc_903;bmv;UNTERSTELLT;eingehend;;
wasschbra_907;bmv;UNTERSTELLT;eingehend;;
wasschbre_909;bmv;UNTERSTELLT;eingehend;;
wasschbun_15655;bmv;UNTERSTELLT;eingehend;;
wasschdonmdk_929;bmv;UNTERSTELLT;eingehend;;
wasschelb_923;bmv;UNTERSTELLT;eingehend;;
wasschelbnor_917;bmv;UNTERSTELLT;eingehend;;
wasschemsnor_915;bmv;UNTERSTELLT;eingehend;;
wasschmai_933;bmv;UNTERSTELLT;eingehend;;
wasschmitelbsei_928;bmv;UNTERSTELLT;eingehend;;
wasschmossaalah_937;bmv;UNTERSTELLT;eingehend;;
wasschnorostkan_910;bmv;UNTERSTELLT;eingehend;;
wasschodehav_914;bmv;UNTERSTELLT;eingehend;;
wasschost_924;bmv;UNTERSTELLT;eingehend;;
wasschrhe_905;bmv;UNTERSTELLT;eingehend;;
wasschsprhav_921;bmv;UNTERSTELLT;eingehend;;
wasschwes_939;bmv;UNTERSTELLT;eingehend;;
wasschwesjadnor_940;bmv;UNTERSTELLT;eingehend;;
wasschweskan_912;bmv;UNTERSTELLT;eingehend;;
wehdeubun_949;bkamt;UNTERSTELLT;eingehend;;
wehfürinfele_954;bmvg;UNTERSTELLT;eingehend;;
wehfürkrapan_955;bmvg;UNTERSTELLT;eingehend;;
wehfürluf_956;bmvg;UNTERSTELLT;eingehend;;
wehfürpiotru_957;bmvg;UNTERSTELLT;eingehend;;
wehfürschmar_958;bmvg;UNTERSTELLT;eingehend;;
wehfürschson_959;bmvg;UNTERSTELLT;eingehend;;
wehfürwafmun_960;bmvg;UNTERSTELLT;eingehend;;
wehinsfürschabc_962;bmvg;UNTERSTELLT;eingehend;;
wehinsfürwerbet_963;bmvg;UNTERSTELLT;eingehend;;
weiinsfürangana_964;bmbfsj;UNTERSTELLT;eingehend;;
wir_965;bmwi;UNTERSTELLT;eingehend;;
wis_969;bmbfsj;UNTERSTELLT;eingehend;;
wisbeibungloumw_967;bmbfsj;UNTERSTELLT;eingehend;;
wisgotwillei_968;bmbfsj;UNTERSTELLT;eingehend;;
wmfbet_7779;bmg;UNTERSTELLT;eingehend;;
zbwleiinfwir_320;bkamt;UNTERSTELLT;eingehend;;
zencybope_49914;bmvg;UNTERSTELLT;eingehend;;
zendeuhan_980;bmi;UNTERSTELLT;eingehend;;
zenfrages_431;bmbfsj;UNTERSTELLT;eingehend;;
zenfüraus_18330;bmi;UNTERSTELLT;eingehend;;
zenfürgeobun_14;bmvg;UNTERSTELLT;eingehend;;
zenfürmartro_986;bmvg;UNTERSTELLT;eingehend;;
zenfürmilsozbun_14713;bmas;UNTERSTELLT;eingehend;;
zenfürpsyinfdok_987;bmg;UNTERSTELLT;eingehend;;
zenfürverbun_989;bmvg;UNTERSTELLT;eingehend;;
zeninfbun_6;bmvg;UNTERSTELLT;eingehend;;
zenlanpir_976;bmvg;UNTERSTELLT;eingehend;;
zenmobbrüneu_971;bmvg;UNTERSTELLT;eingehend;;
zenprüprä_51630;bmg;UNTERSTELLT;eingehend;;
zenschsch_979;bmv;UNTERSTELLT;eingehend;;
zenstehauhau_49790;bmi;UNTERSTELLT;eingehend;;
zentes_977;bmi;UNTERSTELLT;eingehend;;
zenvor_978;bmi;UNTERSTELLT;eingehend;;
zit_14724;bmi;UNTERSTELLT;eingehend;;
zolberbra_992;bmf;UNTERSTELLT;eingehend;;
zoldre_993;bmf;UNTERSTELLT;eingehend;;
zoless_994;bmf;UNTERSTELLT;eingehend;;
zolframai_995;bmf;UNTERSTELLT;eingehend;;
zolham_996;bmf;UNTERSTELLT;eingehend;;
zolhan_997;bmf;UNTERSTELLT;eingehend;;
zolmün_998;bmf;UNTERSTELLT;eingehend;;
zolstu_999;bmf;UNTERSTELLT;eingehend;;
zooforalekön_1001;bkamt;UNTERSTELLT;eingehend;;
zuszusfürarblan_1004;bmas;UNTERSTELLT;eingehend;;
übeauswargre_874;bmbfsj;UNTERSTELLT;eingehend;;
übebunfürbarinf_51243;bmi;UNTERSTELLT;eingehend;;
